新規・改定,シンドローム,エフェクト名,種別,最大Lv,タイミング,技能,侵蝕値,難易度,対象,射程,制限,簡略効果,効果
新規,エンジェルハィロゥ,イルミネイト,通常,3,メジャー,<RC>,2,自動成功,-,視界,-,対象が次に行うメジャーアクションのダイスを+Lv個する。,
新規,エンジェルハィロゥ,エフェクトレンズ,通常,3,マイナー,-,1,自動成功,自身,至近,-,そのメインプロセスの間、あなたが行う攻撃の攻撃力を+[Lv+2]する。ただし、その攻撃でエンジェルハイロウのエフェクトで作成した武器を使用していない場合、この効果は受けられない。,
改定,エンジェルハィロゥ,オプティカルレンズ,通常,3,マイナー,-,3,自動成功,自身,至近,-,そのメインプロセスの間、エンジェルハィロゥのエフェクトを組み合わせた攻撃の攻撃力を+【感覚】する。ただし、その攻撃の対象は単体でなければならない。1シーンにLv回まで。,
旧,エンジェルハィロゥ,オプティカルレンズ,通常,3,マイナー,-,3,自動成功,自身,至近,-,そのメインプロセスの間、エンジェルハィロゥのエフェクトを組み合わせた攻撃の攻撃力を+5する。ただし、その攻撃の対象は単体でなければならない。1シーンにLv回まで。,
-,エンジェルハィロゥ,陽炎の衣,通常,3,マイナー,-,3,自動成功,自身,至近,-,そのメインプロセスの間、隠密状態になる。1シーンに[Lv]回まで。,
新規,エンジェルハィロゥ,鏡の中の人形,通常,3,オート,-,3,自動成功,単体,視界,-,対象がドッジに失敗した直後に使用する。対象の代わりにドッジを行う。成功すれば、対象がドッジに成功したかのように回避する。1シナリオLv回まで。,
-,エンジェルハィロゥ,神の眼,通常,1,リアク,<知覚>,2,対決,自身,至近,,このエフェクトを組み合わせた判定でドッジを行える。,
改定,エンジェルハィロゥ,ガラスの剣,通常,5,メジャー,<白兵><射撃>,2,対決,-,武器,-,隠密状態でのみ使用可。このエフェクトを組み合わせた攻撃に対するリアクションのダイスを-[Lv+2]個する。,
旧,エンジェルハィロゥ,ガラスの剣,通常,5,メジャー,<白兵><射撃>,2,対決,-,武器,-,隠密状態でのみ使用可。このエフェクトを組み合わせた攻撃に対するリアクションのダイスを-[Lv+1]個する。,
-,エンジェルハィロゥ,幻惑の光,通常,1,メジャー,<RC>,2,対決,-,視界,-,射撃攻撃。命中した場合”放心”を与える。,
改定,エンジェルハィロゥ,光速の剣,通常,1,メジャー,<白兵><射撃>,1,対決,-,武器,-,隠密状態でのみ使用可。このエフェクトを組み合わせた攻撃はガード不可。1シナリオ[Lv]回まで。,
旧,エンジェルハィロゥ,光速の剣,通常,1,メジャー,<白兵><射撃>,1,対決,-,武器,-,このエフェクトを組み合わせた攻撃はガード不可。1シナリオ[Lv]回まで。,
-,エンジェルハィロゥ,光芒の疾走,通常,3,マイナー,-,1,自動成功,自身,至近,-,戦闘移動を行う。離脱可能。封鎖の影響を受けない。1シーンに[Lv]回まで,
-,エンジェルハィロゥ,シャインブレード,通常,10,マイナー,-,2,自動成功,自身,至近,-,そのシーンの間、自身の持つ武器ひとつの攻撃力を+[Lv+2],
-,エンジェルハィロゥ,主の恩恵,通常,3,マイナー,-,2,自動成功,自身,至近,-,そのメインプロセスの間、エンジェロハィロゥのエフェクトを組み合わせた判定のダイスを+[Lv]個。,
-,エンジェルハィロゥ,主の右腕,通常,5,メジャー,シンドローム,2,対決,-,-,-,組み合せた攻撃の攻撃力を[Lv*2]点上昇,
新規,エンジェルハィロゥ,ショウタイム,通常,5,セットアップ,-,4,自動成功,単体,視界,-,そのラウンドの間、対象があなたを対象に含まない攻撃を行う場合、その判定のダイスを-[Lv+1]個する。,
改定,エンジェルハィロゥ,水晶の眼,通常,3,メジャー/リアク,<知覚>,1,-,-,-,-,このエフェクトを組み合わせた判定のダイスを+[Lv]個,
旧,エンジェルハィロゥ,水晶の眼,通常,3,メジャー/リアク,<知覚>,2,-,-,-,-,このエフェクトを組み合わせた判定のダイスを+[Lv]個,
-,エンジェルハィロゥ,スターダストレイン,通常,3,メジャー,<RC>,6,対決,シーン(選択),視界,-,このエフェクトを組み合わせた射撃攻撃の対象を[シーン(選択)]に、射程を視界に変更。攻撃力-[20-Lv*5](最大0)。1シナリオに1回。,
-,エンジェルハィロゥ,絶対の孤独,通常,3,メジャー,<RC>,3,対決,単体,視界,-,射撃攻撃。命中した場合、そのラウンドの間、対象が行うあらゆる判定のダイスを-[Lv+1]個。,
-,エンジェルハィロゥ,戦いの予感,通常,3,セットアップ,-,2,自動成功,自身,至近,-,最初のラウンドのみ使用可。【行動値】+[Lv*10]。1シナリオ1回まで。,
-,エンジェルハィロゥ,小さな塵,通常,5,メジャー,<射撃>,2,対決,-,武器,-,このエフェクトを組み合わせた攻撃の攻撃力を+[Lv*2],
-,エンジェルハィロゥ,天からの眼,通常,3,メジャー/リアク,<射撃>,2,対決,-,-,-,このエフェクトを組み合わせた判定のダイスを+[Lv]個,
-,エンジェルハィロゥ,破壊の光,通常,5,メジャー,<RC>,2,対決,範囲(選択),視界,-,攻撃力:+2の射撃攻撃。同じエンゲージを対象にできない。1シーン[Lv]回まで。,
-,エンジェルハィロゥ,光と闇の眼,通常,1,常時,-,-,自動成功,自身,至近,-,[隠密状態]のキャラをメジャーアクションの対象にできる。侵蝕率基本値を+4。,
-,エンジェルハィロゥ,光の剣,通常,5,セットアップ,-,2,自動成功,自身,至近,-,シーン中、武器を作成し装備する。種別:白兵 技能:<白兵> 命中:0 攻撃力:+[Lv+4] ガード値:3 射程:至近。,
改定,エンジェルハィロゥ,光の衣,通常,3,マイナー,-,4,自動成功,自身,至近,-,そのメインプロセスの間、自分のメジャーアクションに対するリアクションのクリティカル値を+1。1シナリオに[Lv]回まで,
旧,エンジェルハィロゥ,光の衣,通常,3,マイナー,-,4,自動成功,自身,至近,80%,そのメインプロセスの間、自分のメジャーアクションに対するリアクションのクリティカル値を+1。1シナリオに[Lv]回まで,
-,エンジェルハィロゥ,光の銃,通常,5,セットアップ,-,2,自動成功,自身,至近,-,武器を作成し装備する。種別:射撃 技能:<射撃> 命中:0 攻撃力:+[Lv+2] ガード値:- 射程:視界。1シーン持続。,
改定,エンジェルハィロゥ,光の手,通常,1,メジャー/リアク,<RC>,2,-,-,-,-,このエフェクトを組み合わせた判定は【感覚】で行える。,
旧,エンジェルハィロゥ,光の手,通常,1,メジャー,<RC>,2,-,-,-,-,このエフェクトを組み合わせた判定は【感覚】で行える。,
-,エンジェルハィロゥ,光の弓,通常,10,メジャー,<RC>,1,対決,-,視界,-,攻撃力:+[Lv+2]の射撃攻撃。同じエンゲージの敵に攻撃不可。,
-,エンジェルハィロゥ,ピンポイントレーザー,通常,5,メジャー,シンドローム,2,対決,-,-,-,このエフェクトを組み合わせた攻撃では装甲値無視。攻撃力-[5-Lv(最大0)],
-,エンジェルハィロゥ,滅びの光,通常,3,メジャー,シンドローム,3,対決,-,-,-,このエフェクトを組み合わせた攻撃の攻撃力を+[Lv*3]。ただし、この攻撃の対象が「対象:単体」の場合、この効果は適用しない。,
改定,エンジェルハィロゥ,見えざる死神,通常,3,メジャー,<白兵><射撃>,2,対決,-,武器,-,隠密状態でのみ使用可。このエフェクトを組み合わせた判定のダイスを+1個、攻撃力+[Lv*3],
旧,エンジェルハィロゥ,見えざる死神,通常,3,メジャー,<白兵><射撃>,2,対決,-,武器,-,隠密状態でのみ使用可。このエフェクトを組み合わせた判定のダイスを+1個、攻撃力+[Lv*2],
-,エンジェルハィロゥ,ミスディレクション,通常,3,オート,-,5,自動成功,単体,視界,-,「対象：範囲」「対象：範囲(選択)」の攻撃対象を単体に変更する。1シナリオ[Lv]回まで。,
-,エンジェルハィロゥ,御使いの声,通常,3,リアク,<回避>,2,対決,自身,至近,-,このエフェクトを組み合わせたドッジのダイスを+[Lv]個,
改定,エンジェルハィロゥ,ミラーコート,通常,3,セットアップ,-,3,自動成功,自身,至近,-,そのシーンの間、ドッジのダイス+[Lv+2]個。,
旧,エンジェルハィロゥ,ミラーコート,通常,3,セットアップ,-,3,自動成功,自身,至近,-,そのシーンの間、ドッジのダイス+Lv個。,
-,エンジェルハィロゥ,ゆらめき,通常,1,リアク,シンドローム,2,対決,自身,至近,-,このエフェクトを組み合わせたドッジに成功した場合、戦闘移動を行う(離脱可)。1ラウンド1回まで。,
新規,エンジェルハィロゥ,ライトポインター,通常,3,セットアップ,-,4,自動成功,単体,視界,-,そのラウンドの間、対象が行うドッジの判定のダイスを-[Lv+1]個。,
-,エンジェルハィロゥ,リフレクトレーザー,通常,5,メジャー,シンドローム,2,-,-,-,-,このエフェクトを組み合わせた攻撃に対するリアクションのダイスを-[Lv]個。,
新規,エンジェルハィロゥ,レーザーファン,通常,3,メジャー,シンドローム,3,-,範囲(選択),-,-,組み合わせたエフェクトの対象を範囲(選択)に変更。同じエンゲージにいるキャラクターを対象にできない。1シナリオLv回まで。,
新規,エンジェルハィロゥ,ヘヴンアイズ,通常,1,オート,-,4,自動成功,単体,視界,80%,対象が判定を行う直前に使用。その判定の達成値を+10する。自分は5点のHPを消費。自身対象不可。1シーン1回まで。,
新規,エンジェルハィロゥ,フラッシュゲイズ,通常,3,オート,-,3,自動成功,単体,視界,80%,対象が判定を行う直前に使用。その判定のダイスを-[Lv*2]個。1ラウンド1回まで。,
新規,エンジェルハィロゥ,ミラーイメージ,通常,3,セットアップ,-,4,自動成功,自身,至近,80%,そのラウンドの間、自身の行うドッジの判定のクリティカル値-1(下限6)。ただし、そのラウンドの間、自身の攻撃の攻撃力-5。1シナリオLv回まで。,
新規,エンジェルハィロゥ,全知の欠片,通常,1,リアク,シンドローム,5,対決,自身,至近,100%,このエフェクトを組み合わせた判定でドッジを行うことで、「リアクションを行えない」「ドッジを行えない」効果を持つ攻撃に対してもドッジを行える。1シナリオ1回まで。,
-,エンジェルハィロゥ,鏡の盾,通常,5,オート,-,8,自動成功,効果参照,効果参照,100%,HPダメージを受けた時、ダメージを与えた相手に同じダメージを与える。最大[Lv*20]点。1シナリオ1回まで。,
-,エンジェルハィロゥ,マスヴィジョン,通常,3,メジャー,シンドローム,4,対決,-,-,100%,このエフェクトを組み合わせた攻撃の攻撃力を+[Lv*5]。1シナリオ3回まで。,
新規,エンジェルハィロゥ,シャッフル,通常,1,オート,-,4D10,自動成功,自身,至近,120%,自身に「対象:単体」の攻撃が行われた際、リアクションの直前に使用。攻撃の対象を同じエンゲージにいる別のキャラクターひとりに変更できる。1シナリオ1回まで。,
-,エンジェルハィロゥ,光の守護,通常,1,オート,-,4D10,自動成功,自身,至近,120%,ダメージ無効。1シナリオ1回まで,
-,エンジェルハィロゥ,ファイナルフラッシュ,通常,3,メジャー,シンドローム,20,対決,-,-,120%,このエフェクトを組み合わせた攻撃に対するリアクション判定のクリティカル値を+1。攻撃力+[Lv*5]。1シーン1回まで。,
-,エンジェルハィロゥ,黒き明かり,通常,3,オート,-,3,自動成功,単体,視界,ピュアブリード,判定直後に使用。達成値-5。1シナリオLv回まで。,
-,エンジェルハィロゥ,光の裁き,通常,3,メジャー,シンドローム,5,対決,単体,-,ピュアブリード,このエフェクトを組み合わせた射撃攻撃のダイスを+[Lv*2]個。ドッジ不可。対象は単体でなければならない。1シナリオに1回まで。,
新規,エンジェルハィロゥ,アフターエフェクト,通常,3,メジャー,シンドローム,3,対決,単体,-,リミット,前提条件:《ピンポイントレーザー》 《ピンポイントレーザー》と組み合わせて使用する。このエフェクトを組み合わせた攻撃で1点でもダメージを与えた場合、そのラウンドの間、対象が受ける攻撃のダメージを+[Lv*3]する。,
新規,エンジェルハィロゥ,破滅の天使,通常,1,メジャー,<RC>,4,対決,-,-,リミット,前提条件:《スターダストレイン》 《スターダストレイン》と組み合わせて使用する。このエフェクトを組み合わせた攻撃は、他のあらゆるエフェクトやアイテムの効果によって達成値を下げられず、失敗にもできない。この攻撃はカバーリングを行えない。,
新規,エンジェルハィロゥ,ブラックアウト,通常,3,オート,-,3,自動成功,自身,至近,リミット,前提条件:《ミラーコート》 《ミラーコート》と組み合わせて使用する。自身がドッジを行った直後に使用する。その判定の達成値+5。一回の判定に複数回使用でき、効果が重複する。1シナリオLv回まで。,
-,エンジェルハィロゥ,ウサギの耳,イージー,1,メジャー,-,-,自動成功,自身,至近,-,聴覚の指向性を高めるエフェクト。GMは必要と感じたなら<知覚>による判定を行わせてもよい。,
-,エンジェルハィロゥ,スポットライト,イージー,1,メジャー,-,-,自動成功,効果参照,視界,-,光を屈折させて、任意の場所に光源を設置でき。,
-,エンジェルハィロゥ,天使の絵の具,イージー,1,メジャー,-,-,自動成功,シーン(選択),視界,-,光を屈折させることで、自身の望む映像を大気中に投影する。見破る場合は観察者の<知覚>と自身の<RC>で対決。,
-,エンジェルハィロゥ,天使の外套,イージー,1,メジャー,-,-,自動成功,自身,至近,-,光を操り、みずからの姿の上に別の外見を上書きする。見破る場合は<知覚>同士による対決。,
新規,エンジェルハィロゥ,七色の直感,イージー,1,メジャー,-,-,自動成功,単体,視界,-,五感の認識を関連付けて、対象の感情をオーラのように読み取る。隠そうとする場合、自身の<知覚>と対象の<意志>で対決。,
-,エンジェルハィロゥ,真昼の星,イージー,1,メジャー,-,-,自動成功,自身,至近,-,視覚を極限まで拡大し、望遠鏡のような視覚を得る。,
-,エンジェルハィロゥ,見放されし地,イージー,1,メジャー,-,-,自動成功,効果参照,視界,-,光の屈折率を操り、すべての光が遮断された空間を作り出す。,
-,エンジェルハィロゥ,猟犬の鼻,イージー,1,メジャー,-,-,自動成功,自身,至近,-,嗅覚と視覚を直結し、においの粒子や細菌、ウィルス、粉じんなどを見分ける。,
-,ブラックドッグ,アームズリンク,通常,3,メジャー,<白兵><射撃>,2,対決,-,武器,-,組み合わせた判定ダイス+Lv個,
-,ブラックドッグ,アタックプログラム,通常,5,メジャー,<白兵><射撃>,2,対決,-,武器,-,組み合わせた攻撃の命中判定の達成値+[Lv*2],
-,ブラックドッグ,イオノクラフト,通常,5,マイナー,-,1,自動成功,自身,至近,-,飛行状態で戦闘移動を行う 移動距離+[Lv*2]m,
-,ブラックドッグ,雷の加護,通常,3,マイナー,-,2,自動成功,自身,至近,-,ブラックドッグを組み合わせた判定ダイス+Lv個,
-,ブラックドッグ,雷の牙,通常,3,メジャー,<白兵><射撃>,2,対決,-,武器,-,組み合わせた攻撃に対するドッジの判定ダイス-Lv個,
-,ブラックドッグ,雷の残滓,通常,5,メジャー,<射撃>,2,対決,-,武器,-,射撃攻撃。命中時、バッドステータス邪毒。邪毒のランクはLvとなる。,
-,ブラックドッグ,雷の砦,通常,3,メジャー,<RC>,2,対決,範囲(選択),至近,-,射撃攻撃。命中時、バッドステータス硬直。1シーンLv回,
-,ブラックドッグ,雷の槍,通常,5,メジャー,<RC>,2,対決,-,視界,-,「攻撃力:+[Lv*2+4]」の射撃攻撃。組み合わせた判定のダイス-1個。同一エンゲージ対象不可,
改定,ブラックドッグ,ウェポンマウント,通常,5,常時,-,-,自動成功,自身,至近,-,常備化ポイント[Lv*5+5]までの武器をひとつ選択する。選択した装備はイニシアチブプロセスで装備可能。侵蝕率でLv変化しない。侵蝕率基本値+2,
旧,ブラックドッグ,ウェポンマウント,通常,3,常時,-,-,自動成功,自身,至近,-,常備化ポイント[Lv*5]までの武器をひとつ選択する。選択した装備はイニシアチブプロセスで装備可能。侵蝕率でLv変化しない。侵蝕率基本値+2,
新規,ブラックドッグ,オーバースロット,通常,5,マイナー,-,2,自動成功,自身,至近,-,メインプロセスの間、自身の行う攻撃の攻撃力を+[Lv*2]。命中判定のダイス-3個。《ライトカスタム》を取得していれば、命中判定への修正は無視。,
-,ブラックドッグ,解放の雷,通常,3,メジャー,<RC>,4,自動成功,単体,視界,-,次に行うメジャーアクションのクリティカル値-1(下限6) 攻撃力+[Lv*2],
-,ブラックドッグ,覚醒の電光,通常,3,メジャー,<RC>,5,自動成功,単体,至近,-,対象の戦闘不能を回復し、HPを1まで回復。対象の侵蝕値5上昇。1シナリオLv回,
改定,ブラックドッグ,加速装置,通常,3,セットアップ,-,2,自動成功,自身,至近,-,ラウンド中の行動値+[Lv*4],
旧,ブラックドッグ,加速装置,通常,3,セットアップ,-,1,自動成功,自身,至近,-,ラウンド中の行動値+[Lv*4],
改定,ブラックドッグ,球電の盾,通常,5,オート,-,1,自動成功,自身,至近,-,ガード値+[Lv*2],
旧,ブラックドッグ,球電の盾,通常,5,オート,-,2,自動成功,自身,至近,-,ガード値+[Lv*2],
新規,ブラックドッグ,強化の雷光,通常,5,メジャー,<RC>,2,自動成功,単体,視界,-,シーン中、対象が行うメジャーアクションの判定のダイスを+Lv個し、戦闘移動の距離を+5m。,
新規,ブラックドッグ,ゲットダウン,通常,1,リアク,<白兵><射撃>,2,対決,自身,至近,-,このエフェクトを組み合わせた判定でドッジを行える。,
-,ブラックドッグ,サードウォッチ,通常,1,オート,-,2,自動成功,自身,至近,-,シーン登場時に使用、そのシーンに登場せずにシーンの情況を把握できる(GM禁止有),
-,ブラックドッグ,サイバーアーム,通常,10,常時,-,-,自動成功,自身,至近,-,素手のデータを変更。侵蝕率基本値+3。種別:白兵 技能:白兵 命中:0 攻撃力:+[Lv+3] ガード:5 射程:至近,
-,ブラックドッグ,サイバーレッグ,通常,5,常時,-,-,自動成功,自身,至近,-,戦闘移動距離+[Lv*2]m。戦闘移動でエンゲージ離脱可能。侵蝕率基本値+3,
-,ブラックドッグ,磁力結界,通常,3,オート,-,3,自動成功,自身,至近,-,ガード値+(Lv)D,
新規,ブラックドッグ,スタンシールド,通常,5,オート,-,2,自動成功,自身,至近,-,白兵攻撃に対するガードを行った直後に使用。攻撃してきたキャラクターに[Lv*2]点のHPダメージと、バッドステータスの放心を与える。1ラウンド1回まで。,
-,ブラックドッグ,スタンボルト,通常,1,メジャー,<白兵><射撃>,3,対決,-,武器,-,このエフェクトを組み合わせた攻撃でダメージ適用時 バッドステータス放心,
-,ブラックドッグ,電撃収束,通常,3,マイナー,-,2,自動成功,自身,至近,-,ブラックドッグの攻撃力+5 対象単体限定 1シーン[Lv+1]回,
-,ブラックドッグ,電磁障壁,通常,1,オート,-,2,自動成功,自身,至近,-,ガード時に宣言、ガード値+4D 1シーン1回,
-,ブラックドッグ,電磁バリア,通常,3,オート,-,2,自動成功,単体,視界,-,対象にHPダメージが適用される直前に使用。対象が受ける予定のHPダメージを-[1D+Lv*2]する。自身対象不可。,
-,ブラックドッグ,電磁誘導,通常,3,マイナー,-,2,自動成功,自身,至近,-,あなたが行うブラックドッグの攻撃に対するリアクションダイス-Lv個,
-,ブラックドッグ,ハードワイヤード,通常,5,常時,-,-,自動成功,自身,至近,-,ブラックドッグ専用アイテムからLv個選択して常備化する。取得時、基本侵蝕率+4,
-,ブラックドッグ,鋼の馬,通常,3,メジャー/リアク,<運転>,2,-,-,-,-,エフェクトを組み合わせた判定ダイス+Lv個,
-,ブラックドッグ,ペインエディター,通常,5,常時,-,-,自動成功,自身,至近,-,HP最大値+[Lv*5] 基本侵蝕値+3,
-,ブラックドッグ,マグネットフォース,通常,1,オート,-,2,自動成功,自身,至近,-,ダメージロールの直前に宣言、カバーリングを行う 行動済にならず、行動済でも使える 1メインプロセス1回,
改定,ブラックドッグ,見えざる僕,通常,1,リアク,<RC>,1,対決,自身,至近,-,組み合わせたエフェクトでドッジ可能,
旧,ブラックドッグ,見えざる僕,通常,1,リアク,<RC>,2,対決,自身,至近,-,組み合わせたエフェクトでドッジ可能,
新規,ブラックドッグ,メカニカルアクション,通常,3,マイナー,-,2,自動成功,自身,至近,-,マイナーアクションで行える、エフェクト以外の行動を1つ行える。1シーンLv回まで。,
-,ブラックドッグ,メタルフュージョン,通常,5,マイナー,-,4,自動成功,自身,至近,-,HPを[(Lv*2)D+【感覚】]点回復 1シーン1回,
-,ブラックドッグ,雷光撃,通常,5,メジャー,シンドローム,2,対決,-,-,-,組み合わせたエフェクトの攻撃力+[Lv*2],
-,ブラックドッグ,雷神の槌,通常,5,メジャー,<RC>,3,対決,範囲(選択),視界,-,「攻撃力:+6」の射撃攻撃 同一エンゲージ対象不可 1シナリオLv回まで,
改定,ブラックドッグ,ライトカスタム,通常,3,常時,-,-,-,自身,至近,-,以下からLv個を選ぶ ①【肉体】【感覚】を用いた判定ダイス+1② HP最大値を+5 ③【行動値】+2。侵蝕度によるレベルの変化を受けない。取得時、基本侵蝕値+2,
旧,ブラックドッグ,ライトカスタム,通常,1,常時,-,-,-,自身,至近,-,以下からLv個を選ぶ ①【肉体】【感覚】を用いた判定ダイス+1② HP最大値を+5 ③【行動値】+2。侵蝕度によるレベルの変化を受けない。取得時、基本侵蝕値+2,
-,ブラックドッグ,バリアクラッカー,通常,3,メジャー,<白兵><射撃>,4,対決,-,武器,80%,組み合わせた攻撃に対して、(カバーリングを含めて)ガードを行えない、装甲値を無視 1シナリオLv回,
新規,ブラックドッグ,マグネットムーブ,通常,3,イニシアチブ,-,3,自動成功,単体,効果参照,80%,他エフェクトと組み合わせ不可。[Lv*10]m以内にいる対象を、自身のいるエンゲージまで移動させる。離脱可。1シーン1回まで。,
-,ブラックドッグ,MAXボルテージ,通常,3,メジャー,シンドローム,4,対決,-,-,80%,組み合わせた攻撃+10 判定ダイス-1 1シナリオLv回,
新規,ブラックドッグ,紫電の刃,通常,3,メジャー,<RC>,3,自動成功,単体,視界,100%,対象が次に行う攻撃は、装甲値を無視してダメージを算出する。1シナリオLv回まで。,
-,ブラックドッグ,フルインストール,通常,3,イニシアチブ,-,5,自動成功,自身,至近,100%,(組み合わせ不可) このラウンド中の自身のあらゆる判定ダイス+[Lv*3] 1シナリオ1回,
-,ブラックドッグ,ポルターガイスト,通常,1,マイナー,-,4,自動成功,自身,至近,100%,所持している武器を対象に、シーン中の攻撃力+[その武器の攻撃力] シーン終了後に破壊,
新規,ブラックドッグ,鼓舞の雷,通常,1,イニシアチブ,-,4D10,自動成功,単体,視界,120%,他エフェクトと組み合わせ不可。対象はイニシアチブプロセスでメインプロセスを行える。また、このメインプロセスは行動済みでも行え、行動済みにならない。1シナリオ1回まで。,
-,ブラックドッグ,自爆装置,通常,5,オート,-,4D10,自動成功,範囲,至近,120%,重圧時も使用可能 HP0になった直後に使用 対象に[Lv+2]Dダメージ 命中判定無リアクション無 1シナリオ1回,
-,ブラックドッグ,電磁反応装甲,通常,5,オート,-,10,自動成功,自身,至近,120%,重圧時も使用可能 HPダメージ適用時に宣言 ダメージ-20 複数回使用可能 1シナリオLv回,
-,ブラックドッグ,フラッシングプラズマ,通常,3,メジャー,<RC>,4,対決,シーン(選択),視界,ピュアブリード,組み合わせた射撃攻撃の対象をシーン(選択)に変更 判定ダイス-[5-Lv]個 1シナリオ1回,
-,ブラックドッグ,雷鳴の申し子,通常,3,メジャー,シンドローム,5,対決,-,-,ピュアブリード,組み合わせた攻撃の攻撃力+[最大HP-現在HP] メインプロセス終了後にHP0 1シナリオLv回,
新規,ブラックドッグ,紫電一閃,通常,1,メジャー,シンドローム,6,対決,-,-,リミット,前提条件:《雷の槍》 《雷の槍》と組み合わせて使用する。このエフェクトを組み合わせた判定のクリティカル値-1(下限6)。1シーン1回まで。,
新規,ブラックドッグ,ハイマニューバ―,通常,3,メジャー,<白兵><射撃>,4,対決,-,武器,リミット,前提条件:《ハードワイヤード》 組み合わせた攻撃の命中判定の達成値を+[Lv*5]。ブラックドッグのエフェクトで取得した武器を使用していない場合、効果は得られない。1シーン1回まで。,
新規,ブラックドッグ,マグネットチェイン,通常,1,オート,-,4,自動成功,自身,至近,リミット,前提条件:《磁力結界》 《磁力結界》の直前に使用することで、「ガードを行えない」「リアクションを行えない」攻撃に対してもガードを行える。1シナリオ1回まで。,
新規,ブラックドッグ,アンテナモジュール,イージー,1,常時,-,-,自動成功,自身,至近,-,どれだけ遠くからでも通信機器を使用できる。,
-,ブラックドッグ,シークレットポケット,イージー,10,常時,-,-,自動成功,自身,至近,-,「種別:その他」のアイテムをLv個まで隠しておける。見つけようとする場合、<知覚>同士で対決。,
-,ブラックドッグ,ショート,イージー,1,メジャー,-,-,自動成功,効果参照,視界,-,電源を必要とする機械をひとつ故障もしくは破壊する。GMは必要であれば<RC>による判定をさせてもよい。,
-,ブラックドッグ,セキュリティカット,イージー,1,メジャー,-,-,自動成功,効果参照,至近,-,セキュリティを切ったり、電子的に施錠されたロックを解除する。GMは必要であれば<知覚><RC>で判定させてもよい。,
-,ブラックドッグ,タッピング＆オンエア,イージー,1,メジャー,-,-,自動成功,効果参照,視界,-,無線電波を傍受したり、電波を放送して情報を送受信する。GMは必要であれば<知覚>による判定をさせてもよい。,
-,ブラックドッグ,電子使い,イージー,1,メジャー,-,-,自動成功,自身,至近,-,電子機器なしで電磁記録媒体のデータを読み書きできる。GMは必要であれば<RC>による判定をさせてもよい。,
-,ブラックドッグ,電波障害,イージー,1,メジャー,-,-,自動成功,シーン,視界,-,電波を撹乱し、周囲の無線電波を使用した通信やレーダーを遮断する。GMは必要であれば<RC>による判定をさせてもよい。,
-,ブラックドッグ,人間発電機,イージー,1,メジャー,-,-,自動成功,単体,至近,-,接触した機械に電力を供給する。GMは必要であれば<意志>による判定をさせてもよい。,
-,ブラムストーカー,赤色の従者,通常,5,メジャー,-,5,自動成功,自身,至近,-,従者をあなたと同じエンゲージに作り出す。従者はすべて能力値が3、最大HPが[Lv*5+10]となる。あなたは1シーンに1体まで従者を作り出せ、従者がシーンに存在する間、あなたが行なうあらゆる判定のダイスを-3個する。,
-,ブラムストーカー,赫き剣,通常,5,マイナー,-,3,自動成功,自身,至近,-,[Lv*2]以下の任意のHP消費、武器作成。 種別:白兵 技能:白兵 命中:0 攻撃力:+[消費HP]+8 ｶﾞｰﾄﾞ:0 射程:至近,
改定,ブラムストーカー,赫き弾,通常,5,メジャー,<射撃>,2,対決,-,武器,-,組み合わせた射撃攻撃の攻撃力+[Lv*2]。HP2点消費。,
旧,ブラムストーカー,赫き弾,通常,5,メジャー,<射撃>,2,対決,-,武器,-,組み合わせた射撃攻撃の攻撃力+[Lv*2]。HP3点消費。,
-,ブラムストーカー,赫き鎧,通常,5,マイナー,-,2,自動成功,自身,至近,-,[Lv*3]以下の任意のHPを消費し防具を作成、装備する。 種別:防具 ドッジ:0 行動:0 装甲:[消費HP*2],
新規,ブラムストーカー,遠隔操作,通常,1,メジャー,シンドローム,3,-,-,効果参照,-,自身の作り出した従者から1体を選択。組み合わせて使用した射程が至近のエフェクトは、自身と同じエンゲージではなく選択した従者と同じエンゲージのキャラクターを対象とする。,
改定,ブラムストーカー,渇きの主,通常,5,メジャー,<白兵>,4,対決,単体,至近,-,組み合わせた白兵攻撃は装甲値無視。命中時、HPを[Lv*4]点回復。素手か《赫き剣》限定,
旧,ブラムストーカー,渇きの主,通常,5,メジャー,<白兵>,4,対決,単体,至近,-,組み合わせた白兵攻撃は装甲値無視。命中時、HPを[Lv*4]点回復。素手限定,
-,ブラムストーカー,紅の刃,通常,10,メジャー,<RC>,1,対決,-,視界,-,「攻撃力:+[Lv+1]」の射撃攻撃,
-,ブラムストーカー,クロスアタック,通常,5,メジャー,シンドローム,2,対決,-,-,-,未行動の従者1体を指定して行動済みにする。組み合わせた攻撃に対するドッジ判定ダイス-[Lv*2]個,
新規,ブラムストーカー,クロススラッシュ,通常,3,メジャー,《クロスアタック》,2,対決,-,-,-,《クロスアタック》と組み合わせて使用する。組み合わせた攻撃の攻撃力を+[Lv*4]する。,
-,ブラムストーカー,血族,通常,10,メジャー,シンドローム,1,対決,-,-,-,組み合わせた攻撃力+Lv,
-,ブラムストーカー,声なき者ども,通常,3,常時,-,-,自動成功,自身,至近,-,1ｼｰﾝに作り出せる従者の数+Lv体 侵蝕率LvUp無 侵蝕率基本値+7,
新規,ブラムストーカー,蠱毒,通常,3,イニシアチブ,-,4,自動成功,自身,至近,-,他エフェクトと組み合わせ不可。従者を2体以上作り出していないと使用できない。自身の作成した従者を1体選択。選択した従者は消滅し、自身の作成した別の従者1体は、そのシーンの間最大HPと現在HPを+[Lv*5]され、すべての判定のダイスが+5される。,
改定,ブラムストーカー,死者の肉体,通常,1,リアク,<意志>,1,対決,自身,至近,-,組み合わせた判定でドッジ可能,
旧,ブラムストーカー,死者の肉体,通常,1,リアク,<意志>,2,対決,自身,至近,-,組み合わせた判定でドッジ可能,
-,ブラムストーカー,死の紅,通常,3,メジャー,<射撃>,2,対決,-,武器,-,組み合わせた射撃攻撃が命中した場合、シーン中対象の装甲値-[Lv*3]。HP3点消費,
新規,ブラムストーカー,従者の疾駆,通常,3,イニシアチブ,-,2,自動成功,効果参照,視界,-,他エフェクトと組み合わせ不可。自身の作成した従者を1体選択。選択した従者は戦闘移動を行える(離脱可)。移動中にほかのエンゲージに接触しても移動を終える必要はなく、封鎖の影響も受けない。1シナリオLv回まで。,
-,ブラムストーカー,主人への忠誠,通常,1,オート,-,効果参照,自動成功,効果参照,-,-,他エフェクトと組み合わせ不可 ｼｰﾝ登場時に使用 代わりにエキストラの従者を登場させる 侵蝕率は通常通り増加,
-,ブラムストーカー,赤河の支配者,通常,5,オート,-,2,自動成功,自身,至近,-,ダメージ適用直前に使用、あなたが受ける予定のダメージを-[1D+Lv*2],
-,ブラムストーカー,赤河の従僕,通常,5,常時,-,-,自動成功,自身,至近,-,従者の能力値すべてを+Lv。侵蝕率でレベルアップしない。侵蝕率基本値+3,
-,ブラムストーカー,鮮血の網,通常,3,メジャー,<RC>,2,対決,範囲(選択),視界,-,射撃攻撃、命中時にバッドステータス硬直 1シーンLv回,
-,ブラムストーカー,鮮血の一撃,通常,5,メジャー,<白兵>,2,対決,-,武器,-,組み合わせた白兵攻撃のダイス+[Lv+1]個。HP2点消費,
新規,ブラムストーカー,鮮血の鎖,通常,1,メジャー,<RC>,4,対決,単体,視界,-,射撃攻撃。命中した場合、対象が次に行う判定のクリティカル値が+1される。このエフェクトを組み合わせた攻撃で対象にHPダメージを与えることはできない。,
新規,ブラムストーカー,戦馬一体,通常,5,セットアップ,《血の戦馬》,2,自動成功,自身,至近,-,《血の戦馬》と組み合わせて使用。《血の戦馬》の効果中、自身の装甲値を+[Lv*2]し、自身の戦闘移動の距離+10m。,
新規,ブラムストーカー,血色の花嫁,通常,1,セットアップ,-,3,自動成功,単体,至近,-,ラウンド中、自身の使用したブラム＝ストーカーのエフェクトで受ける「HPを消費する」の効果は、自身の代わりに対象が受ける。対象は拒否可能。,
-,ブラムストーカー,知恵あるもの,通常,,常時,-,-,自動成功,自身,至近,-,従者に、従者専用装備以外の装備を装備・使用できる。侵蝕率でレベルアップしない。侵蝕率基本値+3,
新規,ブラムストーカー,血霧の盾,通常,3,リアク,効果参照,1,対決,-,-,-,このエフェクトはドッジと組み合わせ可。組み合わせた判定のクリティカル値を-1(下限6)。自身のHP5点消費。1シナリオLv回まで。,
-,ブラムストーカー,血の宴,通常,3,メジャー,シンドローム,3,対決,範囲(選択),-,-,組み合わせた攻撃の攻撃範囲を範囲(選択)に変更 1シナリオLv回,
-,ブラムストーカー,血の絆,通常,3,メジャー,-,3,自動成功,自身,至近,-,赤色の従者と組み合わせて使用 その従者はシナリオ終了時まで存在 1シナリオLv回,
-,ブラムストーカー,血の楔,通常,5,メジャー,<RC>,1,対決,単体,至近,-,射撃攻撃、命中時、ラウンド間の戦闘移動距離-[Lv*2]m (最低0),
新規,ブラムストーカー,血の祝福,通常,3,マイナー,-,2,自動成功,自身,至近,-,自身の作り出した従者から1体を選択。選択した従者は消滅し、そのシーンの間、自身の素手および《赫き剣》で作成する武器の攻撃力を+[Lv*3]。,
-,ブラムストーカー,血の戦馬,通常,1,セットアップ,-,3,自動成功,自身,至近,-,あなたの作り出した従者を1体選択すること。選択した従者は消滅し、そのシーンの間、あなたは取得している「制限:従者専用」のエフェクトを自分で使用できる。,
改定,ブラムストーカー,封印の呪,通常,3,メジャー,シンドローム,2,対決,-,視界,-,組み合わせた攻撃が命中した場合、対象が次に行う判定のクリティカル値+1 1シナリオLv回,
旧,ブラムストーカー,封印の呪,通常,3,メジャー,シンドローム,2,対決,-,視界,80%,組み合わせた攻撃が命中した場合、対象が次に行う判定のクリティカル値+1 1シナリオLv回,
-,ブラムストーカー,不死者の恩寵,通常,3,クリンナップ,-,5,自動成功,自身,至近,-,HPを[(Lv+2)D+【肉体】]点回復。戦闘中ではない場合、1シーン1回,
-,ブラムストーカー,不死者の人形,通常,1,メジャー,-,1,自動成功,自身,至近,-,赤色の従者と組み合わせて使用 従者の特徴は指定した人物と同一になる 看破には知覚による対決判定,
新規,ブラムストーカー,ブラッドウェブ,通常,5,メジャー,<RC>,3,対決,単体,視界,-,射撃攻撃。命中した場合、そのラウンド間、対象は戦闘移動、全力移動、ドッジを行うたび[Lv*2]点のダメージを受ける。,
新規,ブラムストーカー,ブラッドコート,通常,5,セットアップ,-,2,自動成功,自身,至近,-,使用時にLv以下の任意のHPを消費。そのラウンドの間、自身の行うガードのガード値を+[消費HP*2]。,
-,ブラムストーカー,ブラッドコントロール,通常,5,マイナー,-,2,自動成功,自身,至近,-,メインプロセス中に行うブラム=ストーカーのエフェクト判定ダイス+Lv個,
新規,ブラムストーカー,ブラッドボム,通常,3,メジャー,シンドローム,1,対決,-,-,-,組み合わせた攻撃で1点でもダメージを与えた場合さらにHP[Lv-1(最低1)]D失う。自分も同じだけHPを失う。,
-,ブラムストーカー,抱擁,通常,1,メジャー,<RC>,2,自動成功,単体,至近,-,オーヴァードには適用不可 対象を死亡から回復させHPを1にする(対象がオーヴァードに覚醒する可能性有),
-,ブラムストーカー,滅びの一矢,通常,5,メジャー,<射撃>,2,対決,-,武器,-,組み合わせた射撃攻撃のダイス+[Lv+1]個。HP2点消費。,
新規,ブラムストーカー,滅びのかぎ爪,通常,10,マイナー,-,3,自動成功,自身,至近,-,そのシーンの間、素手のデータを変更。 種別:白兵 技能:<白兵> 命中:0 攻撃力:+[Lv+7] ガード値:4 射程:至近,
新規,ブラムストーカー,護り手の主,通常,1,オート,-,4,自動成功,単体,視界,-,自身の従者にHPダメージが適用される直前に使用。そのダメージを対象ではなく、自身に適用する。このダメージはいかなる方法でも軽減できない。1シナリオLv回まで。,
-,ブラムストーカー,蝕む赤,通常,5,メジャー,<RC>,1,対決,-,視界,-,射撃攻撃、命中時対象にLvランクのバッドステータス邪毒を付与,
-,ブラムストーカー,冥府の棺,通常,1,オート,-,2,自動成功,自身,至近,-,重圧時も使用可能 バッドステータスを受けた直後に使用 暴走以外のバッドステータスをひとつ回復,
-,ブラムストーカー,ライフブラッド,通常,5,常時,-,-,自動成功,自身,至近,-,従者の最大HP+[Lv*5] 侵蝕率LvUp無 侵蝕率基本値+2,
新規,ブラムストーカー,リモートブラッド,通常,3,オート,-,2,自動成功,単体,視界,-,自身が使用した、ラウンドもしくはシーンの間持続するブラム＝ストーカーのエフェクトの効果を受けている対象が、判定を行った直後に使用。その判定の達成値を-5。1シナリオLv回まで。,
新規,ブラムストーカー,災いの紅,通常,3,メジャー,<射撃>,2,対決,-,武器,-,このエフェクトを組み合わせた攻撃で1点でもHPダメージを与えた場合、そのシーンの間、対象のガード値を-[Lv*3]する。自身のHP2点消費。,
新規,ブラムストーカー,生命吸収,通常,5,メジャー,シンドローム,4,対決,単体,-,80%,このエフェクトを組み合わせた攻撃で1点でもHPダメージを与えた場合、対象は[Lv*3]点のHPを失う。また、これによって対象が失ったのと等しいHPを自身は回復。1シナリオ3回まで。,
-,ブラムストーカー,ブラッドバーン,通常,3,メジャー,シンドローム,4,対決,-,-,80%,このエフェクトを組み合わせた攻撃の攻撃力+[Lv*4]。HP5点消費。,
新規,ブラムストーカー,禍々しい血潮,通常,5,セットアップ,-,4,自動成功,自身,至近,80%,そのラウンドの間、自身の行うブラム＝ストーカーのエフェクトを組み合わせた攻撃の攻撃力を+[Lv*2]。自身のHP5点消費。,
-,ブラムストーカー,愚者の軍団,通常,3,メジャー,-,5,自動成功,自身,至近,100%,(前提:声なき者ども)赤色の従者と組み合わせて使用 作り出す従者の数を+Lv体 従者最大数は超えられない,
新規,ブラムストーカー,従者吸収,通常,3,メジャー,-,7,自動成功,自身,至近,100%,自身の作り出した従者から1体を選択。選択した従者は消滅し、そのシーンの間、自身の現在HPと最大HPを+[Lv*10]。,
-,ブラムストーカー,始祖の血統,通常,3,メジャー,シンドローム,4,-,-,-,100%,組み合わせた判定ダイス+[Lv*2]個。HP3点消費,
-,ブラムストーカー,不死不滅,通常,3,オート,-,4D10,自動成功,自身,至近,120%,戦闘不能時に使用 HPを[Lv*10]回復 1シナリオ1回,
新規,ブラムストーカー,ヘルズブラッド,通常,3,オート,-,4D10,自動成功,自身,至近,120%,自身が行うダメージロールの直前に使用。ダメージを+[Lv*2]D。1シナリオ1回まで。,
-,ブラムストーカー,夜魔の領域,通常,3,オート,-,20,自動成功,自身,至近,120%,自身のメインプロセス終了直後に使用。行動値0として再行動。1ラウンド1回。1シナリオLv回,
-,ブラムストーカー,紅の王,通常,3,常時,-,-,自動成功,自身,至近,ピュアブリード,HPを消費するエフェクトの消費点-Lv(最低0)。侵蝕率LvUp無。侵蝕率基本値+3,
-,ブラムストーカー,滅びの遺伝子,通常,3,オート,-,6,自動成功,単体,視界,ピュアブリード,対象から1点でもダメージと受けた時に使用 対象に[Lv*10]点ダメージ 1シナリオ1回,
新規,ブラムストーカー,紅の猟兵,通常,5,イニシアチブ,-,5,自動成功,シーン(選択),視界,リミット,前提条件:《赤色の従者》 他エフェクトと組み合わせ不可。自身の従者を対象とする。そのラウンドの間、対象が行う判定のダイス+3個、攻撃の攻撃力を+[Lv*2]。1シナリオ3回まで。,
新規,ブラムストーカー,殺戮領域,通常,3,メジャー,シンドローム,3,対決,-,-,リミット,前提条件:《血の宴》 《血の宴》と組み合わせて使用。このエフェクトと組み合わせた攻撃の攻撃力を+10。1シナリオLv回まで。,
改定,ブラムストーカー,破壊の血,通常,5,マイナー,-,2,自動成功,自身,至近,リミット,前提条件:《赫き剣》 《赫き剣》と組み合わせて使用する。作成する武器の攻撃力を+[Lv*3]、ガード値+5。HP2点消費,
旧,ブラムストーカー,破壊の血,通常,5,マイナー,-,2,自動成功,自身,至近,-,《赫き剣》と組み合わせて使用する。作成する武器の攻撃力を+[Lv*2]、ガード値+3。HP2点消費,
改定,ブラムストーカー,意志なき者の舞い,従者専用,5,リアク,<回避>,1,対決,自身,至近,従者専用,このエフェクトを組み合わせたドッジのダイス+Lv個,
旧,ブラムストーカー,意志なき者の舞い,従者専用,5,リアク,<回避>,2,対決,自身,至近,従者専用,このエフェクトを組み合わせたドッジのダイス+Lv個,
-,ブラムストーカー,忌まわしき砲弾,従者専用,3,メジャー,シンドローム,3,対決,範囲(選択),-,従者専用,このエフェクトを組み合わせた攻撃の対象を範囲(選択)に変更 1シーンLv回,
-,ブラムストーカー,かりそめの狩人,従者専用,5,メジャー,<射撃>,2,対決,-,武器,従者専用,このエフェクトを組み合わせた射撃攻撃のダイス+Lv個,
-,ブラムストーカー,かりそめの剣士,従者専用,5,メジャー,<白兵>,2,対決,-,武器,従者専用,このエフェクトを組み合わせた白兵攻撃のダイス+Lv個,
新規,ブラムストーカー,かりそめの盾,従者専用,3,オート,-,1,自動成功,自身,至近,従者専用,キャラクターがガードを行う際に宣言する。このガードの際、このエフェクトを使用したキャラクターのガード値を+[Lv*3]する。1体の従者につき、1ラウンド1回まで。,
新規,ブラムストーカー,傷ふさぐ人形,従者専用,3,メジャー,<RC>,2,自動成功,単体,至近,従者専用,対象のHPを[(Lv)D+【肉体】]点回復する。使用したキャラクターは5点のHPを消費する。,
-,ブラムストーカー,愚者の兵装,従者専用,5,常時,-,-,自動成功,自身,至近,従者専用,ﾌﾟﾘﾌﾟﾚｲ時に従者専用アイテムからLv個選択 従者は選択したアイテムを常備化・装備して登場 侵蝕率LvUp無 侵蝕率基本値+4,
-,ブラムストーカー,コウモリの羽根,従者専用,1,常時,-,-,自動成功,自身,至近,従者専用,従者は常に飛行状態になる 解除時、ﾏｲﾅｰｱｸｼｮﾝで再度飛行状態になる 侵蝕率LvUp無 侵蝕率基本値+3,
新規,ブラムストーカー,再生する下僕,従者専用,5,メジャー,<RC>,1,自動成功,自身,至近,従者専用,このエフェクトを使用したキャラクターのHPを[Lv+1]D点回復する。,
新規,ブラムストーカー,サポートモード,従者専用,5,セットアップ,-,2,自動成功,自身,至近,従者専用,このラウンドの間、このエフェクトを使用したキャラクターと同じエンゲージにいる任意のキャラクターの行う、あらゆる判定の達成値を+Lvする。このエフェクトを使用したキャラクターは行動済みになる。,
新規,ブラムストーカー,支援する人形,従者専用,3,メジャー,<RC>,2,自動成功,単体,至近,従者専用,対象が次に行うメジャーアクションの判定のダイスを+Lv個する。,
新規,ブラムストーカー,従者の呪い,従者専用,5,メジャー,シンドローム,3,対決,-,-,従者専用,このエフェクトを組み合わせた攻撃で1点でもHPダメージを与えた場合、そのラウンドの間、対象が行うあらゆる判定のダイスを-[Lv+1]個する。,
新規,ブラムストーカー,盾なる人形,従者専用,5,オート,-,2,自動成功,自身,至近,従者専用,ダメージロールの直前に使用する。このエフェクトを使用したキャラクターはカバーリングを行う。このカバーリングによって行動済みにならず、行動済みであっても使用できる。1メインプロセスに1回、1シーンにLv回まで。,
新規,ブラムストーカー,怒涛のつぶて,従者専用,3,メジャー,<射撃>,3,対決,-,武器,従者専用,このエフェクトを組み合わせた射撃攻撃の攻撃力を+[Lv*2]する。組み合わせた攻撃の判定のダイスを-1個する。,
新規,ブラムストーカー,ブロックモード,従者専用,5,セットアップ,-,2,自動成功,自身,至近,従者専用,このラウンドの間、このエフェクトを使用したキャラクターと同じエンゲージにいる任意のキャラクターの行う、あらゆる判定の達成値を-[Lv*2]する。このエフェクトを使用したキャラクターは行動済みになる。,
新規,ブラムストーカー,亡者の一撃,従者専用,3,メジャー,<白兵>,3,対決,-,武器,従者専用,このエフェクトを組み合わせた白兵攻撃の攻撃力を+[Lv*2]する。使用したキャラクターは3点のHPを消費する。,
-,ブラムストーカー,闇夜の呪い,従者専用,3,メジャー,<RC>,2,対決,範囲(選択),至近,従者専用,「攻撃力:+[Lv*5]」の射撃攻撃 使用キャラクターはHPが0になる,
新規,ブラムストーカー,実体なき一撃,従者専用,1,メジャー,シンドローム,2,対決,-,-,従者専用、80%,このエフェクトを組み合わせた攻撃は、対象の装甲値を無視してダメージを算出する。使用したキャラクターは5点のHPを消費する。,
新規,ブラムストーカー,万全なる使用人,従者専用,3,メジャー,効果参照,4,-,-,-,従者専用、80%,あらゆる能力値判定および技能判定に組み合わせ可。組み合わせた判定のダイスを+[Lv*2]個。1シーン1回まで。,
新規,ブラムストーカー,いつわりの生命,従者専用,3,メジャー,-,4,自動成功,自身,至近,従者専用、100%,このエフェクトを使用したキャラクターの現在HPと最大HPを、シナリオ終了まで+[Lv*10]する。1シナリオ1回まで。,
新規,ブラムストーカー,最終舞踏,従者専用,3,メジャー,シンドローム,6,対決,範囲(選択),-,従者専用、100%,このエフェクトを組み合わせた攻撃の対象を範囲(選択)に変更し、ダメージを+(Lv)Dする。使用したメインプロセス終了後、このキャラクターのHPが0になる。,
新規,ブラムストーカー,災厄の呪い,従者専用,1,メジャー,《闇夜の呪い》,2D10,対決,シーン(選択),視界,従者専用、120%,《闇夜の呪い》と組み合わせて使用。組み合わせた攻撃の対象をシーン(選択)、射程を視界に変更。使用したメインプロセス終了後、同じ作成者が作成した従者はすべてHPが0になる。,
新規,ブラムストーカー,身代わりの弾幕,従者専用,3,オート,-,10,自動成功,単体,視界,従者専用、120%,重圧を受けていても使用可能。対象にHPダメージが適用される直前に使用。適用される(予定の)ダメージを-20する。使用したキャラクターは、メインプロセス終了後、HPが0となる。1シナリオLv回まで。,
新規,ブラムストーカー,傷深き呪い,従者専用,1,メジャー,シンドローム,3,-,-,-,従者専用、リミット,前提条件:《従者の呪い》 《従者の呪い》と組み合わせて使用する。その《従者の呪い》の効果はラウンド終了時までではなく、シーン終了まで持続する。ただし、対象はマイナーアクションで《従者の呪い》を解除できるようになる。,
新規,ブラムストーカー,守護の跳躍,従者専用,3,オート,-,4,自動成功,自身,至近,従者専用、リミット,前提条件:《盾なる人形》 キャラクターが《盾なる人形》を使用する直前に宣言する。そのカバーリングはキャラクターから[Lv*10]m離れたキャラクターに行える。1シナリオLv回まで。,
新規,ブラムストーカー,怒涛の狩人,従者専用,3,メジャー,-,3,対決,-,-,従者専用、リミット,前提条件:《忌まわしき砲弾》 《忌まわしき砲弾》と組み合わせて使用する。組み合わせた攻撃の攻撃力を+[Lv*5]。,
-,ブラムストーカー,かぐわしき鮮血 ,イージー,1,メジャー,-,-,自動成功,自身,至近,-,あなたは血の宿る香りをかぎ分けることで特定の個人や集団を探し出すことができる。GMは必要と感じたなら、〈RC〉による判定を行なわせてもよい。 ,
-,ブラムストーカー,かしずく歯車,イージー,1,メジャー,-,-,自動成功,自身,至近,-,心臓の動きをコントロールし、血液の流れを制御することによって精密な作業を迷うことなくこなすエフェクト。あなたはまるで写真のようなスケッチを描いたり、脳外科手術のような難作業でも簡単にやってのける。GMは必要と感じたなら、適切と思われる技能で判定を行なわせてもよい。,
-,ブラムストーカー,瀉血,イージー,1,常時,-,-,自動成功,自身,至近,-,汚染されたり老廃して悪くなった血液を排出することによって美しい容姿と健康を保ち続けるエフェクト。クリアーになった血液は、たとえほとんど日光の下に出ない生活を送っていたとしても、あなたに玲瀧で優雅な美し さを約束する。,
新規,ブラムストーカー,衝動探知,イージー,1,メジャー,-,3,自動成功,効果参照,至近,-,オーヴァードの血液から、その持ち主の衝動を調べるエフェクト。衝動を調べるためには、目標となるオー ヴァードの血液情報を10分以上集中して読み取る必要がある。血液はほんの一滴でも、拭き取られた跡などでもかまわない。GMは血液情報を調べるために、〈RC〉による判定を行なわせてもよい。,
-,ブラムストーカー,血の彫像,イージー,1,メジャー,-,-,自動成功,単体,至近,-,血液による彫像を作り出すエフェクト。あなたは望む形の像を作り出すことができ、色も自在に設定するこ とができる。ただし、作り出した像はそのシーンの終了時に失われる。GMは必要と感じたなら、〈芸術：彫刻〉による判定を行なわせてもよい。,
-,ブラムストーカー,日常の代行者,イージー,1,常時,-,-,自動成功,効果参照,至近,-,あなたに、自分の代わりに学校や会社に行ったり、家事や役所の手続き、公共料金の支払いなどを行なう専 用の従者がいることを表わすエフェクト。 この従者はあなたそっくりの姿をして いるが、戦闘中はエキストラとして扱い、特に戦闘などはできない。また、この エフェクトで作成する従者は、《赤色の従者》の上限には含まれない。,
-,ブラムストーカー,裸の王様,イージー,10,常時,-,-,自動成功,効果参照,効果参照,-,あなたの周囲に、あなたのことを常に褒め称え、喝采する忠誠心と敬愛にあふれた従者の取り巻きたちがい ることを表わすエフェクト。このエフェクトによる従者たちの人数は[LV*10] 体となる。戦闘中はエキストラとして扱い、特に戦闘などはできない。また、このエフェクトで作成する従者は、《赤色の従者》の上限には含まれない。,
-,ブラムストーカー,ブラッドリーディング,イージー,1,メジャー,-,-,自動成功,単体,至近,-,血や体液（涙など）から、その主の情報を読み取るエフェクト。性別、年齢、その時抱いていた感情などを看破することができる。GMは必要と感じたなら、〈知覚〉による判定を行なわせてもよい。,
-,キュマイラ,アルゴスの眼,通常,3,メジャー／リアク,<知覚>,1,自動成功,-,-,-,組み合わせた判定のダイスを+Lv個。,
-,キュマイラ,イージスの盾,通常,3,オート,-,3,対決,自身,至近,-,ガードを行う時、ガード値を+(Lv)D。,
-,キュマイラ,一角鬼,通常,5,マイナー,-,3,自動成功,自身,至近,-,素手のデータを変更。種別：白兵　命中：0　攻撃力：+[Lv+5]　ガード値：2　射程：5m,
-,キュマイラ,鬼の一撃,通常,5,メジャー,<白兵>,2,対決,-,武器,-,組み合わせた白兵攻撃に対してガードを行ったキャラクターに対して与えるダメージを[Lv*5]。,
-,キュマイラ,完全獣化,通常,3,マイナー,-,6,自動成功,自身,至近,-,シーンの間【肉体】の能力値を使用したあらゆる判定のダイスに+[Lv+2]。ただし素手以外使用不可。,
-,キュマイラ,巨人の生命,通常,5,常時,-,-,自動成功,自身,至近,-,最大HPを[Lv×5]。侵蝕率のレベルアップ効果を受けず、侵蝕基本値に+3。,
-,キュマイラ,グラップル,通常,5,メジャー,<白兵>,2,対決,-,武器,-,組み合わせた白兵攻撃で1点以上のダメージを与えた対象のガード値をそのラウンドの間-[Lv×5]する。,
-,キュマイラ,軍神の守り,通常,1,オート,-,2,自動成功,自身,至近,-,ダメージロールの直前にカバーリングを行う。これによって行動済みにならない。1メインプロセスに1回。,
-,キュマイラ,獣の殺意,通常,3,メジャー,<白兵>,2,対決,-,武器,-,このエフェクトの対するドッジのダイスを‐Lv個する。,
-,キュマイラ,獣の力,通常,5,メジャー,<白兵>,2,対決,単体,武器,-,組み合わせた白兵攻撃の攻撃力を+[Lv×2]。,
-,キュマイラ,獣の瞳,通常,1,マイナー,‐,1,自動成功,自身,至近,-,そのメインプロセスの間、隠密状態のキャラクターにメジャーアクションを行うことが可能。,
-,キュマイラ,獣の誇り,通常,3,オート,‐,2,自動成功,自身,至近,-,ガードを行う時に宣言。このメインプロセスの間、バッドステータスを受けず、現在受けているバッドステータスの影響も受けない。1シーンにLv回。,
-,キュマイラ,殺意の壁,通常,3,オート,-,2,自動成功,単体,至近,-,白兵攻撃の対象になったときに宣言。そのメインプロセスの間、対象の白兵攻撃の攻撃力を-[Lv×3]する。1Rに1回。,
新規,キュマイラ,進化の重鱗,通常,3,セットアップ,-,2,自動成功,自身,至近,-,《完全獣化》の効果中のみ使用できる。そのラウンドの間、自身のガード値+[Lv*3],
新規,キュマイラ,進化の末脚,通常,3,セットアップ,-,2,自動成功,自身,至近,-,《完全獣化》の効果中のみ使用できる。そのラウンドの間、自身の【行動値】を+[Lv*3],
新規,キュマイラ,進化の大爪,通常,3,セットアップ,-,2,自動成功,自身,至近,-,《完全獣化》の効果中のみ使用できる。そのラウンドの間、自身の白兵攻撃の攻撃力を+[Lv*3],
-,キュマイラ,戦闘本能,通常,3,マイナー,マイナー,3,自動成功,自身,至近,-,そのメインプロセスの間、ダイスを減少させる効果をすべて打ち消す。1シナリオにLv回。,
-,キュマイラ,セントールの脚,通常,5,マイナー,‐,2,自動成功,自身,至近,-,そのシーンの間、戦闘移動の距離を+[Lv×5]mする。,
-,キュマイラ,ターゲットロック,通常,3,セットアップ,-,3,自動成功,単体,視界,-,そのシーン中、対象に攻撃を行った場合攻撃力を+[Lv×3]。対象以外のキャラクターを含めて攻撃する場合は適用しない,
-,キュマイラ,大蛇の尾,通常,1,メジャー,<白兵>,2,対決,単体,武器,-,白兵攻撃を行う。命中した場合、対象に硬直を与える。,
-,キュマイラ,鷹の翼,通常,3,マイナー,-,3,自動成功,自身,至近,-,このシーンの間、飛行状態となり、ドッジのダイス+Lv個。飛行状態はマイナーアクションで解除、再使用可能。,
-,キュマイラ,知性ある獣,通常,1,マイナー,-,2,自動成功,自身,至近,-,完全獣化と組み合わせて使用。完全獣化の効果中、アイテムを通常通り使用可能。,
-,キュマイラ,天を統べるもの,通常,5,メジャー,シンドローム,2,対決,-,-,-,飛行状態のとき使用可能。組み合わせた攻撃の攻撃力を+[Lv×2]。1点でもHPダメージを与えた場合、対象の飛行状態を解除,
-,キュマイラ,破壊の爪,通常,10,マイナー,<白兵>,3,自動成功,自身,至近,-,素手のデータを変更。　種別：白兵　命中：０　攻撃力：+[Lv+8]　ガード値：1　射程：至近,
-,キュマイラ,鋼の肉体,通常,5,メジャー,-,2,自動成功,自身,至近,-,HPを[(Lv)D+【肉体】]点回復,
-,キュマイラ,パワーアーム,通常,1,常時,-,-,自動成功,自身,至近,-,「この武器を装備している間、他の武器を装備できない」とある武器を装備していてもほかの武器を装備できる。侵蝕率基本値+3。,
-,キュマイラ,ハンティングスタイル,通常,3,マイナー,-,1,自動成功,自身,至近,-,戦闘移動を行う。この移動で離脱を行え、移動中にほかのエンゲージに接触しても移動を終える必要はなく、封鎖もされない。1シーンにLv回。,
-,キュマイラ,飛礫,通常,5,メジャー,<白兵>,2,対決,単体,20m,-,組み合わせた白兵攻撃の射程を20mにする。攻撃力は+4となり、装備の攻撃力は加算されない。同一エンゲージ対象不可。1シーンにLv回。,
-,キュマイラ,吹き飛ばし,通常,3,メジャー,<白兵>,3,対決,単体,武器,-,組み合わせた攻撃でダメージを与えた場合、対象はエンゲージから[Lv×2]m移動する。対象がどう移動するかは自身が決定する。,
-,キュマイラ,復讐の刃,通常,3,オート,<白兵>,6,対決,単体,至近,-,リアクの直前に使用。リアク放棄で対象に白兵攻撃を行い、判定のC値を-Lvする(下限7)。この攻撃にリアクションを行えない。このエフェクトは他のエフェクトと組み合わせられない。,
新規,キュマイラ,魔獣の衝撃,通常,5,メジャー,<RC>,2,対決,-,視界,-,[攻撃力+5]の射撃攻撃を行う。この攻撃の判定のダイスは+Lv個される。1ラウンド1回まで。,
改定,キュマイラ,魔獣の咆哮,通常,5,オート,-,2,自動成功,単体,視界,-,対象が判定を行う直前に使用。判定のダイスを-Lv個する。1ラウンド1回まで,
旧,キュマイラ,魔獣の咆哮,通常,3,オート,-,4,自動成功,単体,視界,-,対象が判定を行う直前に使用。判定のダイスを-Lv個する。1ラウンド1回まで,
新規,キュマイラ,魔獣の本能,通常,1,メジャー／リアク,<RC>,2,-,-,-,-,このエフェクトを組み合わせた判定は【肉体】で判定を行える,
-,キュマイラ,銘無き刃,通常,10,メジャー,<白兵>,1,対決,-,武器,-,素手による攻撃の攻撃力を+[Lv+1]。,
新規,キュマイラ,野生の錨,通常,1,オート,-,2,自動成功,自身,至近,-,自身が移動させられる際に使用する。自身の移動を打ち消す。ただしバッドステータスの暴走を受ける。,
-,キュマイラ,竜鱗,通常,3,リアク,-,3,自動成功,自身,至近,-,攻撃が命中する代わりに装甲値+[Lv×10]。ほかの防具と重複する。他エフェクトと組み合わせ不可。,
新規,キュマイラ,巨獣の背,通常,3,オート,-,2,自動成功,自身,至近,80%,《完全獣化》の効果中のみ使用できる。自身が移動を行う直前に使用。対象を自身と共に移動させる。対象は拒否可能。1シーンLv回まで。,
-,キュマイラ,神獣撃,通常,3,メジャー,<白兵>,2,対決,単体,武器,80%,完全獣化時のみ使用可能。組み合わせた攻撃の攻撃力を+[Lv+2]D。ただしこのエフェクトを使用したメインプロセス終了時に完全獣化解除。,
-,キュマイラ,フルパワーアタック,通常,3,セットアップ,<白兵>,4,自動成功,単体,至近,80%,そのラウンド中行う白兵攻撃の攻撃力を[Lv×5]。ただし行動値0。,
-,キュマイラ,獣の王,通常,1,メジャー,<白兵>,4,対決,単体,武器,100%,組み合わせた攻撃に対して対象はリアクションを行えなず、カバーリングを行ったときガードを行ったものとしてダメージを算出できない。1シナリオに1回。,
-,キュマイラ,獣の魂,通常,3,オート,-,5,自動成功,自身,至近,100%,【肉体】を使用した技能の判定を行う直前に使用。その判定のダイスを+5。1シーンにLv回。,
新規,キュマイラ,庇護の獣,通常,3,オート,-,4,自動成功,自身,至近,100%,リアクションの直前に使用。「リアクションを行えない」「ガードを行えない」「ガードを行ったものとしてダメージを算出できない」攻撃に対しても、ガードを行ったり、ガード値を適用してダメージ算出できる。1シナリオLv回まで。,
-,キュマイラ,究極獣化,通常,5,マイナー,-,4D10,自動成功,自身,至近,120%,《完全獣化》の効果中にのみ使用可能。攻撃のダメージ+(Lv)D、装甲値+10。完全獣化の効果解除まで持続。,
新規,キュマイラ,不死なる獣,通常,5,オート,-,4D10,自動成功,自身,至近,120%,重圧を受けていても使用できる。《完全獣化》の効果中のみ使用できる。HPダメージを受ける直前に使用。受ける予定のダメージを-[Lv*2]Dする。1シナリオ1回まで。,
-,キュマイラ,魔獣の証,通常,5,オート,-,4D10,自動成功,自身,至近,120%,戦闘不能を回復し、HPを[Lv×10]まで回復。1シナリオ1回。,
-,キュマイラ,剛身獣化,通常,3,マイナー,-,6,自動成功,自身,至近,ピュアブリード,このシーンの間、素手の攻撃力に+[Lv×2]、装甲値に+[Lv×3]。ほかの防具と重複する。,
-,キュマイラ,増腕,通常,3,メジャー,<白兵>,2,対決,範囲(選択),武器,ピュアブリード,このエフェクトを組み合わせた攻撃の対象を範囲(選択)にする。1シーンにLv回。,
新規,キュマイラ,攻性変色,通常,3,セットアップ,-,3,自動成功,単体,視界,リミット,前提条件:《ターゲットロック》 《ターゲットロック》と組み合わせて使用する。《ターゲットロック》で上昇する攻撃力を+[Lv*5]する。ただし、バッドステータスの暴走を受ける。,
新規,キュマイラ,衝撃相殺,通常,3,常時,-,‐,自動成功,自身,至近,リミット,前提条件:《竜鱗》 受けるダメージを-[Lv*5]点する。《竜鱗》を使用したメインプロセス間のみ適用。侵蝕率でレベルアップしない。侵蝕率基本値+4,
新規,キュマイラ,ワイルドグロース,通常,3,セットアップ,-,3,自動成功,自身,至近,リミット,前提条件:《完全獣化》 このエフェクトを使用することで、《完全獣化》を使用できる。ほかのタイミング:セットアッププロセスのエフェクトと組み合わせ可能。1シナリオLv回まで。,
-,キュマイラ,海の恩恵,イージー,1,常時,‐,‐,自動成功,自身,至近,-,(イージー)自身は水中によるペナルティを受けない。,
新規,キュマイラ,鋭敏感覚,イージー,1,メジャー,-,-,自動成功,-,-,-,体の感覚器官を変化させることによって犬の喚覚や、鳥の長距離視力などを一時的に手に入れるエフェクト。これによって、周囲の状況変化に敏感になったり、より広範囲を探索できるようになる。GMは必要と感じたなら〈知覚〉による判定を行なわせてもよい。,
-,キュマイラ,獣の直感,イージー,1,メジャー,‐,‐,自動成功,自身,至近,-,(イージー)鋭敏な知覚で天候や地震を予測する。,
-,キュマイラ,獣の臭い,イージー,1,メジャー,<交渉>,‐,‐,効果参照,視界,-,(イージー)動物のエキストラを対象にする。対象に1つ命令をでき、対象はできる限りそれを実行しようとする。,
-,キュマイラ,至上の毛並み,イージー,1,常時,-,-,自動成功,自身,至近,-,(イージー)完全獣化時、触り心地のいい毛皮で覆われていることを現す。,
-,キュマイラ,体系維持,イージー,1,常時,常時,-,自動成功,自身,至近,-,(イージー)自身の体型を望んだままのものに維持する。,
-,キュマイラ,猫の瞳,イージー,1,,-,-,自動成功,,,,(イージー)暗闇を見通すことができる。,
-,キュマイラ,眠れる遺伝子,イージー,1,常時,-,-,自動成功,自身,至近,-,(イージー)常に動物の姿で日常を過ごすことができる。,
-,エグザイル,妖の招き,通常,3,メジャー,<白兵>,2,対決,単体,20m,-,組み合わせた白兵攻撃でダメージを与えた場合、対象を自身のいるエンゲージに移動させる。1シナリオLv回まで。,
-,エグザイル,異形の刻印,通常,10,常時,-,-,自動成功,自身,至近,-,最大HPを[Lv×5]。侵蝕率によるレベルアップの影響を受けない。侵蝕基本値+3。,
改定,エグザイル,異形の祭典,通常,5,メジャー,シンドローム,3,対決,[Lv+1]体,-,-,組み合わせた攻撃の対象を[Lv+1]体にする。1シーンに1回。,
旧,エグザイル,異形の祭典,通常,5,メジャー,シンドローム,3,対決,[Lv+1]体,-,-,組み合わせた攻撃の対象を[Lv+1]体にする。攻撃力-10。,
新規,エグザイル,異形の転身,通常,3,イニシアチブ,‐,5,自動成功,自身,至近,-,他エフェクトと組み合わせ不可。イニシアチブプロセスで戦闘移動を行える。1シナリオLv回まで。,
-,エグザイル,異形の守り,通常,1,オート,‐,2,自動成功,自身,至近,-,バステを受けた直後に使用。そのバステ1つを回復する。暴走は解除できない。重圧を受けていても使用できる。,
-,エグザイル,命のカーテン,通常,3,オート,‐,4,自動成功,自身,至近,-,崩れずの群れを使う時に宣言。そのカバーリングは10m離れたキャラクターに行える。1シナリオにLv回。,
-,エグザイル,うごめく弾丸,通常,5,メジャー,<射撃>,2,対決,-,武器,-,組み合わせた射撃攻撃でダメージを与えた場合、対象に重圧を与える。1シーンにLv回。,
-,エグザイル,うごめく沼,通常,1,リアク,<回避>,2,対決,自身,至近,-,このエフェクトを組み合わせたドッジに成功すると戦闘移動・離脱を行える。1ラウンド1回まで。,
新規,エグザイル,埋め込み,通常,5,メジャー,<白兵><射撃>,2,対決,-,武器,-,組み合わせた攻撃でダメージを与えた場合、そのラウンドの間、対象のガード値を-[Lv*3]。,
改定,エグザイル,ウルトラボンバー,通常,5,メジャー,<射撃>,4,対決,範囲,至近,-,攻撃力+[(Lv*5)+5]の射撃攻撃を行う。対象はリアクションを取れない。メインプロセス終了時に自身のHPは0になる。1シーンに1回。,
旧,エグザイル,ウルトラボンバー,通常,5,メジャー,<射撃>,4,対決,範囲,至近,-,攻撃力+[Lv*5]の射撃攻撃を行う。対象はリアクションを取れない。メインプロセス終了時に自身のHPは0になる。1シーンに1回。,
-,エグザイル,エンタングル,通常,3,メジャー,<白兵>,2,対決,-,武器,-,組み合わせた白兵攻撃でダメージを与えた場合、対象に重圧を与える。1シーンにLv回。,
-,エグザイル,オールレンジ,通常,5,メジャー,<白兵><射撃>,2,対決,-,武器,-,組み合わせた判定のダイスを+Lv個する。,
-,エグザイル,踊る髪,通常,1,メジャー,<白兵><射撃>,2,対決,-,武器,-,組み合わせた攻撃でダメージを与えた場合、対象に硬直を与える。,
改定,エグザイル,餓鬼魂の使い,通常,5,オート,-,3,自動成功,単体,視界,-,対象がHPダメージを受けたときに使用。対象に邪毒(ランク3)を与える。1シーンにLv回。,
旧,エグザイル,餓鬼魂の使い,通常,5,オート,-,2,自動成功,単体,至近,-,対象がHPダメージを受けたときに使用。対象に邪毒(ランク3)を与える。1シーンにLv回。,
改定,エグザイル,壁に耳あり,通常,5,メジャー,<情報：>,1,-,-,-,-,すべての情報判定に組み合わせられる。判定のダイスを+[Lv+1]個する。,
旧,エグザイル,壁に耳あり,通常,5,メジャー,<情報：>,2,-,-,-,-,すべての情報判定に組み合わせられる。判定のダイスを+[Lv+1]個する。,
-,エグザイル,カンビュセスの籤,通常,5,メジャー,<RC>,2,自動成功,単体,至近,-,対象のHPを[(Lv)D+【肉体】]点回復。自身を対象にできない。,
-,エグザイル,吸収,通常,3,メジャー,<白兵><射撃>,2,対決,-,武器,-,組み合わせた攻撃でダメージを与えた場合、そのラウンドの間対象の行うあらゆる判定のダイスを-Lv個する。,
-,エグザイル,崩れずの群れ,通常,1,オート,-,2,自動成功,自身,至近,-,カバーリングを行う。これによって自身は行動済みにならず、行動済みでも使用できる。1メインプロセスに1回。,
新規,エグザイル,形状変化：剛,通常,5,マイナー,-,3,自動成功,自身,至近,-,シーン中、自身の攻撃の攻撃力を+[Lv*2]する。オートアクションで終了でき、この効果を受けている間は他の《形状変化：》の効果を受けることはできない。,
新規,エグザイル,形状変化：柔,通常,5,マイナー,-,2,自動成功,自身,至近,-,シーン中、自身のガード値を+[Lv*2]する。オートアクションで終了でき、この効果を受けている間は他の《形状変化：》の効果を受けることはできない。,
新規,エグザイル,細胞侵蝕,通常,5,メジャー,<RC>,4,対決,単体,視界,-,射撃攻撃を行う。命中した場合、対象にバッドステータスの邪毒と重圧を与える。邪毒のランクはLv。1シーン1回。,
-,エグザイル,自動触手,通常,5,オート,-,2,自動成功,自身,至近,-,ガードを行う時に宣言。攻撃してきたキャラクターに[Lv×3]点のダメージ。1ラウンドに1回。,
-,エグザイル,死神の針,通常,5,メジャー,<射撃>,3,対決,単体,視界,-,攻撃力+[Lv×2]の射撃攻撃を行う。ドッジのダイスを-2個。同エンゲージ不可。武器の攻撃力は加算されない。,
-,エグザイル,伸縮腕,通常,3,メジャー,<白兵>,2,対決,-,視界,-,組み合わせた白兵攻撃の射程を視界にする。組み合わせた判定のダイスを-[3-Lv]個。,
-,エグザイル,スプリングシールド,通常,3,オート,-,2,自動成功,自身,至近,-,ガードを行う時に宣言。ガード値を+10する。1シーンにLv回。,
-,エグザイル,爪剣,通常,5,メジャー,<白兵>,3,対決,単体,武器,,白兵攻撃の攻撃力を+[Lv×2]。ドッジのダイスを-1個。,
改定,エグザイル,貫きの腕,通常,3,メジャー,<白兵>,3,対決,単体,武器,-,組み合わせた攻撃に対して対象はガードできない。カバーリングを行った場合、ガードを行ったとしてダメージ算出できない。判定のダイス-3個。1シナリオにLv回まで。,
旧,エグザイル,貫きの腕,通常,3,メジャー,<白兵>,3,対決,単体,武器,-,組み合わせた攻撃に対して対象はガードできない。カバーリングを行った場合、ガードを行ったとしてダメージ算出できない。1シナリオにLv回まで。,
-,エグザイル,デビルストリング,通常,3,オート,-,6,自動成功,単体,視界,-,対象がオートアクションのエフェクトを宣言した直後に宣言。使用した効果を打ち消す。ただしエネミーエフェクト、「制限：－」以外のエフェクトは打ち消せない。1シナリオにLv回。,
-,エグザイル,貪欲なる拳,通常,3,メジャー,<白兵>,3,対決,-,武器,-,組み合わせた白兵攻撃のダイスを+[Lv+1]個。,
改定,エグザイル,呪われし物の印,通常,5,オート,-,3,自動成功,自身,至近,-,判定を行う際に使用。受けているダイス減少効果をすべて打ち消す。1シナリオにLv回。,
旧,エグザイル,呪われし物の印,通常,3,オート,-,3,自動成功,自身,至近,-,判定を行う際に使用。受けているダイス減少効果をすべて打ち消す。1シナリオにLv回。,
-,エグザイル,ブレインハック,通常,1,メジャー,<白兵><射撃>,10,対決,単体,至近,-,組み合わせた攻撃が命中した場合、対象に憎悪を与える。憎悪の対象は自身がシーン内から1人選択。1シーンに1回。,
改定,エグザイル,蛇の動き,通常,3,リアク,<回避>,1,対決,自身,至近,-,組み合わせたドッジのダイスを+Lv個。,
旧,エグザイル,蛇の動き,通常,3,リアク,<回避>,2,対決,自身,至近,-,組み合わせたドッジのダイスを+Lv個。,
-,エグザイル,骨の剣,通常,5,マイナー,-,3,自動成功,自身,至近,-,素手のデータを変更する。　種別：白兵　命中：-1　攻撃力：+[Lv+5]　ガード値：6　射程：至近,
-,エグザイル,骨の銃,通常,5,マイナー,-,3,自動成功,自身,至近,-,そのシーンの間、以下のデータの武器を作成、装備する。　種別：射撃　命中：-1　攻撃力：+[Lv+5]　ガード値：0　射程：20m,
新規,エグザイル,無機なる四肢,通常,10,メジャー,<RC>,1,対決,-,至近,-,「攻撃力:+[Lv+4]」の射撃攻撃。このエフェクトに対するドッジのダイス-1個。,
-,エグザイル,歪みの体,通常,10,オート,-,1,自動成功,自身,至近,-,ガードを行う時に宣言。ガード値を+[Lv+3]する。,
改定,エグザイル,螺旋撃,通常,3,マイナー,-,3,自動成功,自身,至近,-,メインプロセスの間、自身のメジャーアクションに対するリアクションのC値に+1。1シーンにLv回。,
旧,エグザイル,螺旋撃,通常,3,マイナー,-,3,自動成功,自身,至近,80%,メインプロセスの間、自身のメジャーアクションに対するリアクションのC値に+1。1シーンにLv回。,
-,エグザイル,異世界の因子,通常,1,オート,-,5,自動成功,自身,至近,80%,自身の登場したシーンで使用されたエフェクト1つをそのシーン中取得する。取得エフェクトのLvは1とする。エネミーエフェクト、「制限：ピュアブリード」のエフェクトは取得不可。1シナリオ1回。,
新規,エグザイル,サポートボディ,通常,5,セットアップ,-,3,自動成功,範囲(選択),至近,80%,ラウンドの間、対象の行うあらゆる判定のダイス+Lv個、自身の行うあらゆる判定のダイス-5個。自身対象不可。,
新規,エグザイル,デモンズウェブ,通常,5,オート,-,2,自動成功,単体,10m,80%,対象へのHPダメージが算出された直後に使用。対象が受ける(予定の)HPダメージを-[Lv+1]D点。1ラウンド1回まで。,
-,エグザイル,命の剣,通常,1,メジャー,<白兵>,3,対決,-,武器,100%,組み合わせた白兵攻撃の攻撃力を+【肉体】する。,
-,エグザイル,ジャイアントグロウス,通常,3,メジャー,<白兵>,5,自動成功,範囲(選択),武器,100%,組み合わせた白兵攻撃の対象を範囲(選択)にし、攻撃力を+2D。1シナリオにLv回。,
新規,エグザイル,ヒュドラの怒り,通常,5,セットアップ,-,4,自動成功,自身,至近,100%,ラウンドの間、自身の行うメジャーアクションの判定のダイス+3個、攻撃の攻撃力+[Lv*3]。ただし効果中、バッドステータスの暴走を受ける。この暴走はタイタスの昇華を除くあらゆる方法で回復できない。,
新規,エグザイル,アナザーセルフ,通常,1,オート,-,4D10,自動成功,自身,至近,120%,いつでも使用可能。自身が取得しているエフェクトのうち、使用回数制限のあるエフェクトのうちひとつを1回ぶん回復。1シナリオ1回まで。,
-,エグザイル,透過,通常,1,オート,-,4D10,自動成功,自身,至近,120%,自身へのダメージ算出直後に使用。適用される予定のダメージを0にする。1シナリオに1回。,
-,エグザイル,融合,通常,1,セットアップ,-,2,自動成功,単体,至近,120%,そのラウンドの間、対象は自身の使える融合以外のエフェクトを使えるようになる。ただしこの効果を受けている間、自身は移動できない。詳細→P33,
改定,エグザイル,がらんどうの肉体,通常,3,オート,-,3,自動成功,自身,至近,ピュアブリード,ダメージ算出直後に使用。受ける予定のダメージを-(Lv+2)Dする。1ラウンド1回まで。,
旧,エグザイル,がらんどうの肉体,通常,3,オート,-,3,自動成功,自身,至近,ピュアブリード,ダメージ算出直後に使用。受ける予定のダメージを-(Lv)Dする。1ラウンド1回まで。,
-,エグザイル,マルチアタック,通常,3,オート,-,5,自動成功,自身,至近,ピュアブリード,自身が攻撃またはドッジを行った直後に使用。その達成値を+10．1シナリオにLv回。,
新規,エグザイル,死神の爪,通常,1,メジャー,<白兵>,5,対決,-,-,リミット,前提条件:《爪剣》 《爪剣》と組み合わせて使用する。このエフェクトを組み合わせた攻撃に対して、対象はリアクションできない。カバーリングを行った場合、ガードを行ったものとしてダメージ算出不可。1シナリオ1回まで。,
新規,エグザイル,守護者の巨壁,通常,1,オート,-,6,自動成功,効果参照,視界,リミット,前提条件:《命のカーテン》 誰かが行う攻撃の判定の直前に使用。攻撃の対象を「対象:単体」とし、自身に変更する。自身はカバーリングの対象にならない。1シナリオ1回まで。,
新規,エグザイル,流刑者の刻印,通常,3,オート,-,3,自動成功,自身,至近,リミット,前提条件:《呪われし者の印》 《呪われし者の印》を使用した直後に使用。自身のHPを[Lv*10]点回復。1ラウンド1回まで。,
-,エグザイル,異形の歩み,イージー,1,常時,‐,‐,自動成功,自身,至近,-,(イージー)肉体を変形させ、どんな場所でも移動できるエフェクト。,
-,エグザイル,異能の指先,イージー,1,メジャー,‐,3,自動成功,単体,至近,-,(イージー)相手の記憶を読み取る。相手に抵抗の意思があれば使えない。,
-,エグザイル,鍵いらずの歩み,イージー,1,メジャー,-,-,自動成功,自身,至近,-,(イージー)普通の人間では通れないドアの隙間などを通り抜ける。,
新規,エグザイル,環境適応,イージー,1,常時,‐,‐,自動成功,自身,至近,-,全身を変化させて高山地帯などの低酸素地域や、寒冷地などの局地に順応できるようになるエフェクト。また、この効果によって水中や宇宙空聞などにも対応できるようになるとしてもよい。どの程度の環境まで対応できるかは、GMが決定すること。,
-,エグザイル,擬態の仮面,イージー,1,メジャー,-,-,自動成功,自身,至近,-,(イージー)自らの顔や姿を最も適したものに変化させる。,
-,エグザイル,十徳指,イージー,1,メジャー,-,-,自動成功,自身,至近,-,(イージー)指先を変形させ、専用の工具の代わりに使用する。,
-,エグザイル,生体侵入,イージー,1,メジャー,-,4,自動成功,自身,至近,-,(イージー)他者の体内に入り込む。対象は戦闘不能だったり就寝中でないと使えない。,
-,エグザイル,物質変化,イージー,1,メジャー,-,-,自動成功,自身,至近,-,(イージー)物品や植物に姿を変える。,
-,ハヌマーン,アースシェイカー,通常,3,メジャー,<RC>,2,対決,-,視界,-,射撃攻撃を行う。命中した場合、そのラウンドの間、対象が行うあらゆる判定のダイスを-Lv個。,
改定,ハヌマーン,アクティブソナー,通常,3,メジャー/リアク,<知覚>,1,-,自身,-,-,このエフェクトを組み合わせた判定のダイスを+Lv個する。,
旧,ハヌマーン,アクティブソナー,通常,3,メジャー/リアク,<知覚>,2,-,自身,-,-,このエフェクトを組み合わせた判定のダイスを+Lv個する。,
改定,ハヌマーン,アクロバット,通常,3,リアク,<回避>,1,対決,自身,至近,-,このエフェクトを組み合わせたドッジのダイスを+Lv個する。,
旧,ハヌマーン,アクロバット,通常,3,リアク,<回避>,2,対決,自身,至近,-,このエフェクトを組み合わせたドッジのダイスを+Lv個する。,
新規,ハヌマーン,一迅の風,通常,5,常時,-,-,自動成功,自身,至近,-,このラウンドに戦闘移動、全力移動、エンゲージからの離脱を行っていた場合、攻撃の攻撃力+[Lv*2]。侵蝕率でレベルアップしない。侵蝕率基本値+4,
-,ハヌマーン,一閃,通常,1,メジャー,<白兵>,2,対決,-,武器,-,[全力移動]の後に攻撃可能。攻撃失敗しても移動は成功。但し離脱は不可,
新規,ハヌマーン,癒しの歌,通常,5,メジャー,<交渉>,2,自動成功,単体,視界,-,対象のHPを[(Lv)D+【精神】]点回復。,
新規,ハヌマーン,エアロドライブ,通常,5,マイナー,-,2,自動成功,自身,至近,-,素手のデータを変更。この武器を使用した攻撃を行った場合、HP5点消費。 種別:白兵 技能:<白兵> 命中:-2 攻撃力:+[Lv+5] ガード値:0 射程:至近,
新規,ハヌマーン,援護の風,通常,5,オート,-,2,自動成功,単体,視界,-,対象が判定を行う直前に使用。その判定のダイス+Lv個。1ラウンド1回まで。,
-,ハヌマーン,エンジェルヴォイス,通常,3,メジャー,<交渉>,4,-,単体,視界,-,対象が次に行うメジャーアクションのクリティカル値-1(下限6)。判定のダイスを+Lv個。,
-,ハヌマーン,音速攻撃,通常,3,メジャー,<白兵><射撃>,2,対決,-,武器,-,組み合わせた攻撃のダイスを+Lv個。,
-,ハヌマーン,音波調律,通常,1,メジャー,<交渉>,2,自動成功,-,視界,-,対象の受けている暴走以外のバッドステータスをすべて回復。,
改定,ハヌマーン,影走り,通常,3,マイナー,-,1,自動成功,自身,至近,-,戦闘移動を行う。離脱可。他のエンゲージに接触しても移動を終える必要はなく、封鎖の影響も受けない。1シナリオLv回まで。,
旧,ハヌマーン,影走り,通常,3,マイナー,-,2,自動成功,自身,至近,-,戦闘移動を行う。離脱可。他のエンゲージに接触しても移動を終える必要はなく、封鎖の影響も受けない。1シナリオLv回まで。,
-,ハヌマーン,風の渡し手,通常,5,メジャー,<交渉>,3,-,[Lv+1]体,-,-,組み合わせた行動の対象を[Lv+1]体に変更。シーン1回まで,
-,ハヌマーン,かまいたち,通常,1,メジャー,<白兵>,2,対決,-,視界,-,組み合わせた白兵攻撃の射程を視界に変更する。攻撃力-5。,
-,ハヌマーン,狂乱の一声,通常,10,メジャー,<交渉>,2,対決,単体,視界,-,「攻撃力:+Lv」の射撃攻撃。命中した場合、対象にバッドステータス憎悪(対象は自分)を与える。,
新規,ハヌマーン,切り払い,通常,1,リアク,<白兵>,1,対決,自身,至近,-,このエフェクトを組み合わせた判定でドッジを行える。,
-,ハヌマーン,サイレンの魔女,通常,5,メジャー,<RC>,5,対決,シーン(選択),視界,-,「攻撃力:+[Lv*3]」の射撃攻撃を行う。このエフェクトを組み合わせた攻撃では、装甲値を無視してダメージを算出する。《コンセントレイト》の組み合わせ不可。,
-,ハヌマーン,さらなる波,通常,5,メジャー,シンドローム,2,対決,-,-,-,組み合わせた攻撃の攻撃力+[Lv*2],
改定,ハヌマーン,残像,通常,3,常時,-,-,自動成功,自身,至近,-,このラウンドに戦闘移動、全力移動、エンゲージからの離脱を行っていた場合、ドッジ判定のダイスを+[Lv+2]個。侵蝕率でレベルアップしない。侵蝕率基本値+4,
旧,ハヌマーン,残像,通常,3,リアク,<回避>,3,対決,自身,至近,-,このラウンドに戦闘移動、全力移動、エンゲージからの離脱を行っていた場合、ドッジ判定のダイスを+[Lv+2]個。,
-,ハヌマーン,獅子奮迅,通常,3,メジャー,<白兵>,4,対決,範囲(選択),武器,-,白兵攻撃の対象を範囲（選択）にする。1シナリオLv回まで。,
-,ハヌマーン,疾風剣,通常,5,メジャー,<白兵>,2,対決,-,武器,-,組み合わせた攻撃に対するリアクション判定のダイスを-Lv個。,
-,ハヌマーン,振動球,通常,10,メジャー,<RC>,3,対決,-,視界,-,「攻撃力:+Lv」の射撃攻撃。対象の装甲値を無視そてダメージを算出する。,
-,ハヌマーン,浸透撃,通常,3,メジャー,<白兵><射撃>,2,対決,単体,-,-,組み合わせた攻撃はガード不可(カバーリングも含む)。1シナリオLv回まで。,
-,ハヌマーン,スタートダッシュ,通常,3,セットアップ,-,3,自動成功,自身,至近,-,戦闘移動を行う。離脱可。1シーンLv回まで。,
-,ハヌマーン,声援,通常,3,メジャー,-,2,自動成功,-,視界,-,対象が次に行うメジャーアクションのダイスを+Lv個。,
-,ハヌマーン,先手必勝,通常,5,常時,-,-,自動成功,自身,至近,-,【行動値】+[Lv*3]。侵蝕率でレベルアップしない。侵蝕率基本値+4,
-,ハヌマーン,ソニックブーム,通常,3,メジャー,<白兵>,2,対決,範囲(選択),至近,-,トループのみを対象にできる。命中した場合、対象を戦闘不能にする。組み合わせた攻撃でHPダメージを与えられない。1シナリオLv回まで。,
-,ハヌマーン,ソニックブリッツ,通常,5,マイナー,-,4,自動成功,自身,至近,-,シーン中、武器を作成し装備する。この武器を使用した攻撃に対するドッジのダイス-1個。 種別:射撃 技能:<射撃> 命中:0 攻撃力:+[Lv+4] ガード値:- 射程:15m,
-,ハヌマーン,電光石火,通常,3,メジャー/リアク,【肉体】【感覚】,3,-,-,-,-,組み合わせた判定のダイスを+[Lv+1]個。1DのHPを失う。,
-,ハヌマーン,ハードビート,通常,5,メジャー,<交渉>,2,自動成功,-,視界,-,対象が次に行う攻撃の攻撃力を+[Lv*2]。,
-,ハヌマーン,破砕の音,通常,5,メジャー,<RC>,2,対決,-,視界,-,《振動球》と組み合わせて使用。組み合わせた攻撃で1点でもHPダメージを与えた場合、対象の装備している防具を1つ破壊。1シーンLv回まで。,
-,ハヌマーン,バトルビート,通常,3,マイナー,-,2,自動成功,自身,至近,-,メインプロセスの間、自身の行うハヌマーンのエフェクトを使用したダイスを+Lv個。,
新規,ハヌマーン,波紋の城塞,通常,3,セットアップ,-,4,自動成功,範囲(選択),至近,-,ラウンド中、対象の装甲値を+[Lv*3]。対象が戦闘移動、全力移動、離脱のいずれかを行った場合、効果は失われる。,
-,ハヌマーン,バランスブレイク,通常,5,メジャー,<RC>,2,対決,単体,視界,-,射撃攻撃。命中した場合、対象にバッドステータスの重圧を与える。1シーンLv回まで。,
-,ハヌマーン,ブレインシェイク,通常,1,メジャー,シンドローム,2,対決,-,-,-,組み合わせた攻撃が命中した場合、対象にバッドステータスの放心を与える。,
改定,ハヌマーン,ベーシックリサーチ,通常,5,メジャー,<情報：>,1,-,-,-,-,すべての<情報:>に組み合わせることができる。組み合わせた判定のダイスを+[Lv+1]個。,
旧,ハヌマーン,ベーシックリサーチ,通常,5,メジャー,<情報：>,2,-,-,-,-,すべての<情報:>に組み合わせることができる。組み合わせた判定のダイスを+[Lv+1]個。,
改定,ハヌマーン,吼え猛る爪,通常,5,メジャー,<白兵>,2,対決,-,武器,-,組み合わせた攻撃は対象の装甲値を無視してダメージを算出する。攻撃力-[5-Lv](最大0)。,
旧,ハヌマーン,吼え猛る爪,通常,5,メジャー,<白兵><射撃>,2,対決,-,武器,-,組み合わせた攻撃は対象の装甲値を無視してダメージを算出する。攻撃力-[5-Lv](最大0)。,
新規,ハヌマーン,限界突破,通常,3,セットアップ,-,3,自動成功,自身,至近,80%,ラウンドの間、「1ラウンドに1回まで使用できる」エフェクトをひとつ、1ラウンドに2回使用できる。1シナリオLv回まで。,
-,ハヌマーン,波紋の方陣,通常,5,オート,-,3,自動成功,単体,視界,80%,対象にHPダメージが適用される直前に使用。対象が受ける予定のダメージ-[Lv+1]D点。自身対象不可。1ラウンド1回,
-,ハヌマーン,マシラのごとく,通常,3,メジャー,シンドローム,5,対決,単体,-,80%,組み合わせた攻撃の攻撃力+[Lv*10]。判定のダイス-5個。1シナリオ1回。,
新規,ハヌマーン,子羊の歌,通常,3,オート,-,4,自動成功,単体,視界,100%,対象にHPダメージが適用される直前に使用。そのダメージを対象ではなく自分に適用する。このダメージはいかなる方法でも軽減できない。1シナリオLv回。,
改定,ハヌマーン,ライトスピード,通常,3,マイナー,-,4,自動成功,自身,至近,100%,メインプロセス中、メジャーアクションを2回行える。そのメジャーアクションのクリティカル値+1。1シナリオ1回。,
旧,ハヌマーン,ライトスピード,通常,3,マイナー,-,5,自動成功,自身,至近,100%,メインプロセス中、メジャーアクションを2回行える。そのメジャーアクションのクリティカル値+1。1シナリオ1回。,
-,ハヌマーン,リミットリリース,通常,1,オート,-,6,自動成功,自身,至近,100%,自身が判定を行う直前に使用。判定のクリティカル値-1(下限5)。1シナリオ1回まで。,
-,ハヌマーン,空蝉,通常,1,オート,-,4D10,自動成功,自身,至近,120%,重圧を受けていても使用可。自身へのHPダメージが算出された直後に使用。そのHPダメージを0にする。1シナリオ1回まで。,
新規,ハヌマーン,ゴッドウィンド,通常,1,オート,-,10,自動成功,単体,視界,120%,対象が「難易度:自動成功」のエフェクトを使用した直後に宣言。そのエフェクトの効果を打ち消す。ただし、エネミーエフェクトと「制限:-」以外のエフェクトは打ち消せない。1シナリオ1回まで。,
-,ハヌマーン,神速の鼓動,通常,1,メジャー,効果参照,20,対決,シーン(選択),視界,120%,あらゆる技能と組み合わせ可。組み合わせたエフェクトの対象をシーン(選択)に、射程を視界に変更。1シナリオ1回まで。,
-,ハヌマーン,疾風迅雷,通常,3,メジャー,シンドローム,3,対決,-,-,ピュアブリード,組み合わせたエフェクトに対しドッジ不可。1シナリオLv回まで。,
-,ハヌマーン,スピードフォース,通常,3,イニシアチブ,-,4,自動成功,自身,至近,ピュアブリード,他エフェクトと組み合わせ不可。イニシアチブプロセスにメインプロセスを行える。未行動でないと使用不可。1シナリオLv回まで。,
新規,ハヌマーン,ウィンドブレス,通常,3,オート,-,2,自動成功,単体,視界,リミット,前提条件:《援護の風》 《援護の風》を使用する直前に宣言。判定の達成値を+[Lv*3]。,
新規,ハヌマーン,超振動閃,通常,3,メジャー,シンドローム,4,対決,単体,-,リミット,前提条件:《吼え猛る爪》 《吼え猛る爪》と組み合わせて使用する。このエフェクトを組み合わせた攻撃で1点でもダメージを与えた場合、そのラウンドの間、対象が受ける攻撃のダメージを+[Lv*3]する。,
新規,ハヌマーン,一声散開,通常,3,セットアップ,-,3,自動成功,自身,至近,リミット,前提条件:《スタートダッシュ》 《スタートダッシュ》と組み合わせて使用する。《スタートダッシュ》の効果として、自身に加えて、自身の至近距離に存在するLv体の対象も戦闘移動を行える。離脱可。移動先は対象が決定。,
-,ハヌマーン,彼方からの声,イージー,10,メジャー,-,1,自動成功,効果参照,視界,-,大気中の音声伝達力を操作する エフエクト。雑踏の中で秘密の会話を することも、Lvキロメートル向こうに まで音声を届かせることもできる。GM は必要と感じたなら、〈RC〉による判 定を行なわせてもよい。,
-,ハヌマーン,軽功,イージー,1,常時,-,-,自動成功,自身,至近,-,あなたがすさまじく身軽であり、 垂直のビルの壁面や水面であろうとも走り抜けることを表わすエフェクト。あなたにとっては、ビルの壁も水面も、平地と何ら変わりはない。,
-,ハヌマーン,高濃度酸素バブル,イージー,1,メジャー,-,-,自動成功,範囲(選択),至近,-,周囲の大気を操り、高濃度の酸素で満たされた空間を作り出すエフェ クト。この空間の中にいる者は、劇的に疲労回復力が高まり、高い集中力を得ることができる。また、水中でも水圧の影響を受けず呼吸を行なうことができる。ただしこのバブルは激しい動きに弱く、戦闘などが起きた場合、 即座に破壊される。,
-,ハヌマーン,蝙蝠の耳,イージー,1,メジャー,-,-,自動成功,自身,至近,-,周囲の音の波をコントロールし、自身の聴覚領域を拡大するエフェクト。 あらゆる音を聞き分け、10キ口以上離れた場所で落ちた針の音を聞くことができ、超音波や超低周波、地球の自転 の音さえも開くことができる。GMは必 要と感じたなら、〈知覚〉による判定を 行なわせてもよい。,
新規,ハヌマーン,真偽感知,イージー,1,メジャー,-,-,自動成功,単体,視界,-,対象の声色から、発言の内容に嘘がないかを見抜くエフエクト。このエフエクトによって分かるのは嘘をついているかどうかであり、相手がどういう内容の嘘をついているかまではわから ない。GMは嘘を見抜くために、〈RC〉による判定が必要としてもよい,
-,ハヌマーン,空の楽器,イージー,1,メジャー,-,-,自動成功,効果参照,視界,-,周囲の大気そのものを無数の楽器やスピー力一へと変え、任意の音声や音楽を発生させるエフエクト。しっかりと記憶しているなら、楽曲を演奏することも聞き取った他者の会話の内容を再生することもできる。,
-,ハヌマーン,七色の声,イージー,1,メジャー,-,1,自動成功,自身,至近,-,音を操り、みずからの声を別人の声に変えるエフェクト。あなたは任意の声を持つことができる。ただし、外見は変わらない，もし誰かがこの声の変装を見破ろうとした場合、〈知覚〉同 士による対決を行なうこと。 ,
-,ハヌマーン,無音の空間,イージー,1,メジャー,-,-,自動成功,単体,視界,-,自身や隠そうとする物を中心とする空間の音波伝達と匂いの放散を遮断することで、自らの気配を完全に消し去るエフェクト。GMは必要と感じたなら、〈RC〉による判定を行なわせても よい。,
-,モルフェウス,アーマークリエイト,通常,5,マイナー,-,2,自動成功,自身,至近,-,シーン中、防具を作成し装備 種別:防具 ドッジ:0 行動:0 装甲値:[5+Lv*2],
-,モルフェウス,アウェイクン,通常,3,メジャー,<RC>,5,自動成功,単体,至近,-,対象の戦闘不能を回復 HP1 対象の侵蝕値5上昇 1シナリオLv回,
-,モルフェウス,インスタントボム,通常,5,メジャー,<白兵>,3,対決,-,至近,-,「攻撃力:+[Lv*2]」の白兵攻撃 組み合わせた攻撃では装甲値を無視 装備している武器の攻撃力は加算しない,
-,モルフェウス,インフィニティウェポン,通常,5,マイナー,-,3,自動成功,自身,至近,-,シーン中武器を作成し装備 種別:白兵 技能:白兵 命中:0 攻撃力:+[Lv+7] ガード値:3 射程:至近,
-,モルフェウス,ヴィークルモーフィング,通常,3,マイナー,-,2,自動成功,自身,至近,-,ヴィーグルモーフィング専用アイテムからひとつ選択し、使用可能 このエフェクトで取得したヴィーグルはシーン終了時に失われる,
改定,モルフェウス,エースドライバー,通常,1,リアク,<運転>,1,-,-,-,-,組み合わせた判定でドッジが行える。,
旧,モルフェウス,エースドライバー,通常,5,メジャー/リアク,<運転>,2,-,-,-,-,組み合わせた判定のダイスを+Lv個する。,
-,モルフェウス,黄金錬成,通常,3,常時,-,-,自動成功,自身,至近,-,キャラクター作成時、アフタープレイにおける常備化ポイント+[Lv*10] 侵蝕率LvUp無 侵蝕率基本値+3,
-,モルフェウス,カスタマイズ,通常,3,メジャー,<白兵><射撃>,2,対決,-,武器,-,組み合わせた判定のダイスを+Lv個する。,
新規,モルフェウス,仮初の器,通常,3,メジャー,<RC>,2,自動成功,単体,視界,-,対象が次に行うメジャーアクションの判定ダイス+[Lv+1]個。,
-,モルフェウス,ギガンティックモード,通常,1,メジャー,<白兵><射撃>,3,対決,範囲(選択),武器,-,組み合わせた攻撃の対象を範囲(選択)に変更 判定後に装備している武器を全て破壊,
-,モルフェウス,巨匠の記憶,通常,5,メジャー,効果参照,2,-,-,-,-,運転、芸術、知識、情報と組み合わせ可能 組み合わせた判定ダイス+Lv個,
新規,モルフェウス,高速錬成,通常,3,メジャー,シンドローム,3,自動成功,範囲(選択),-,-,組み合わせたエフェクトの対象を範囲(選択)に変更する。「難易度：自動成功」のエフェクトとしか組み合わせできない。1シナリオLv回まで。,
改定,モルフェウス,サイコメトリー,通常,3,メジャー,<情報>,1,-,-,-,-,全ての情報技能と組み合わせ可能 組み合わせた判定ダイス+[Lv+2]個,
旧,モルフェウス,サイコメトリー,通常,3,メジャー,<情報>,2,-,-,-,-,全ての情報技能と組み合わせ可能 組み合わせた判定ダイス+[Lv+2]個,
-,モルフェウス,シールドクリエイト,通常,5,マイナー,-,3,自動成功,自身,至近,-,シーン中武器を作成し装備 種別:白兵 技能:白兵 命中:0 攻撃力:0 ガード値:[Lv*2]+4 射程:至近,
-,モルフェウス,ジェノサイドモード,通常,3,メジャー,<白兵><射撃>,3,対決,範囲(選択),武器,-,トループのみを対象可能 命中した対象を戦闘不能にする 組み合わせた攻撃でHPダメージ適用不可 1シナリオLv回,
-,モルフェウス,水晶の剣,通常,3,メジャー,-,4,自動成功,効果参照,至近,-,他エフェクトと組み合わせ不可 武器をひとつ選択し、シナリオ中対象の武器の攻撃力を+[Lv*2] 1シナリオ3回,
-,モルフェウス,砂の加護,通常,3,オート,-,3,自動成功,単体,視界,-,対象が判定を行う直前に使用 判定ダイス+[Lv+1]個 1ラウンド1回,
新規,モルフェウス,砂の楔,通常,5,メジャー,<RC>,5,対決,単体,視界,-,射撃攻撃を行う。命中した場合、そのシーンの間、対象がガードを行った際のガード値が-[Lv*3]される(最低0)。対象はマイナーアクションで解除可能。,
-,モルフェウス,砂の結界,通常,1,オート,-,2,自動成功,自身,至近,-,ダメージロールの直前にカバーリングを行う。これによって行動済みにならない。1メインプロセスに1回。,
-,モルフェウス,砂の祝福,通常,3,オート,-,4,自動成功,自身,至近,-,砂の結果を使用する直前に宣言 カバーリングは[Lv*10]m離れたキャラクターに行える 1シーン1回,
改定,モルフェウス,砂の盾,通常,3,オート,-,1,自動成功,自身,至近,-,ガードを行う際に宣言 自身のガード値+[Lv*2],
旧,モルフェウス,砂の盾,通常,3,オート,-,2,自動成功,自身,至近,-,ガードを行う際に宣言 自身のガード値+[Lv*2],
-,モルフェウス,砂の刃,通常,10,メジャー,<RC>,2,対決,-,視界,-,「攻撃力:+[Lv+2]」の射撃攻撃 ガードが行われた場合、ガード値-5,
新規,モルフェウス,砂の鎧,通常,5,メジャー,<RC>,2,自動成功,-,視界,-,そのシーンの間、対象の装甲値を+[Lv*2],
新規,モルフェウス,砂は砂に,通常,3,メジャー,シンドローム,4,対決,-,-,-,組み合わせた攻撃で対象に1点でもダメージを与えた場合、対象が装備している「エフェクトで作成した武器と防具」をすべて破壊し、素手のデータに戻す。1シナリオLv回まで。「タイミング：常時」の武器と防具には効果がない。,
改定,モルフェウス,ダブルクリエイト,通常,1,マイナー,-,3,自動成功,自身,至近,-,インフィニティウェポン、シールドクリエイト、ハンドレッドガンズ、のいずれかと組み合わせて使用。作成する武器の数をふたつに変更。,
旧,モルフェウス,ダブルクリエイト,通常,10,マイナー,-,3,自動成功,自身,至近,-,インフィニティウェポン、シールドクリエイト、ハンドレッドガンズ、のいずれかと組み合わせて使用。作成する武器の数をふたつに変更し、その攻撃力、もしくはガード値を+Lv,
新規,モルフェウス,超軽量化,通常,5,常時,-,-,自動成功,自身,至近,-,自身が常備化している武器からLv個選択。「この武器を装備している間、ほかの武器は装備できない」とあっても、その記述を無視できる。侵蝕率でレベルアップしない。侵蝕率基本値+2。,
-,モルフェウス,パラライズ,通常,3,メジャー,<RC>,2,対決,範囲(選択),視界,-,射撃攻撃、命中時バッドステータス硬直 1シーンLv回,
-,モルフェウス,ハンドレッドガンズ,通常,5,マイナー,-,3,自動成功,自身,至近,-,シーン中、武器を作成し装備 種別:射撃 技能:射撃 命中:0 攻撃力:+[Lv+4] ガード値:- 射程:30m,
-,モルフェウス,ヒール,通常,5,メジャー,<RC>,2,自動成功,単体,視界,-,対象のHPを[(Lv)D+【精神】]点回復,
-,モルフェウス,フォームチェンジ,通常,5,マイナー,-,2,自動成功,自身,至近,-,装備または所持している素手以外の武器を対象に、攻撃力-3、ガード値+[Lv*2] 1シーン1回,
-,モルフェウス,ペトリファイ,通常,3,メジャー,<RC>,2,対決,-,視界,-,射撃攻撃、命中時、シーン中対象の行動値-[Lv*2] マイナーアクション消費で解除可能,
-,モルフェウス,ペネトレイト,通常,1,メジャー,<白兵><射撃>,3,対決,-,武器,-,組み合わせた攻撃は装甲値無視 組み合わせた判定ダイス-1個,
-,モルフェウス,マシンモーフィング,通常,5,メジャー,<意思>,3,効果参照,自身,至近,-,他エフェクトと組み合わせ不可 このエフェクトで購入判定が可能 組み合わせた購入判定の達成値+[Lv*2] 1シーン1回,
-,モルフェウス,守りの砂,通常,1,リアク,<RC>,3,対決,自身,至近,-,このエフェクトを組み合わせた判定でドッジを行える。,
新規,モルフェウス,目潰しの砂,通常,3,オート,-,3,自動成功,単体,10m,-,対象が判定を行う直前に使用する。その判定のダイス-[Lv+1]個。1ラウンド1回まで。,
-,モルフェウス,ライトウェイトモード,通常,5,メジャー,<白兵><射撃>,2,対決,-,武器,-,このエフェクトを組み合わせた攻撃に対するリアクション判定のダイスを-Lv個,
-,モルフェウス,レインフォース,通常,5,メジャー,シンドローム,2,対決,-,-,-,組み合わせた攻撃の攻撃力+[Lv*2]個,
-,モルフェウス,サポートデバイス,通常,5,セットアップ,-,6,自動成功,自身,至近,80%,取得時に基本能力値からひとつ選択 ラウンド中選択した基本能力値を使用した判定ダイス+[Lv*2]個 1シナリオ3回,
新規,モルフェウス,スプリットアタック,通常,5,メジャー,シンドローム,4,対決,[Lv+1]体,-,80%,組み合わせた攻撃の対象を[Lv+1]体に変更する。1シーンに1回まで。,
-,モルフェウス,パーフェクトコントロール,通常,1,オート,-,4,自動成功,自身,至近,80%,判定を行う直前に使用 判定の達成値+10 5HP消費 1シーン1回,
新規,モルフェウス,オリジナルツール,通常,5,オート,-,3,自動成功,自身,至近,100%,いつでも使用可。使用時に技能をひとつ選ぶ。ラウンドの間、自身が行うその技能の判定の達成値を+[Lv*2]する。1ラウンド1回まで。,
-,モルフェウス,クリスタライズ,通常,3,メジャー,シンドローム,4,対決,-,-,100%,組み合わせた攻撃の攻撃力+[Lv*3] 装甲値無視 1シナリオ3回,
-,モルフェウス,物質合成,通常,1,メジャー,-,5,自動成功,自身,至近,100%,所持している技能が同じ装備ふたつを選択し破壊 シーン中選択したアイテムのデータを合計したアイテムをひとつ取得し装備 射程は短い方で固定 1シーン1回,
-,モルフェウス,ギガノトランス,通常,1,メジャー,シンドローム,20,対決,シーン(選択),視界,120%,組み合わせた行動の対象をシーン(選択)に、射程を視界に変更 1シーン1回,
新規,モルフェウス,創造主の業,通常,1,オート,-,4D10,自動成功,単体,視界,120%,対象が判定を行った直後に使用する。その判定の達成値を+4Dする。1シナリオ1回まで。,
-,モルフェウス,魂の錬成,通常,3,オート,-,4D10,自動成功,自身,至近,120%,重圧時も使用可能 戦闘不能時に使用 戦闘不能を回復 HPを[Lv*10]まで回復 1シナリオ1回,
-,モルフェウス,創造の御手,通常,3,メジャー/リアク,シンドローム,3,-,-,-,ピュアブリード,組み合わせた判定ダイス+5個 1シナリオLv回,
-,モルフェウス,錬成の掟,通常,3,オート,-,4,自動成功,効果参照,-,ピュアブリード,いつでも使用可能 シーン中、エフェクトによって作成された装備の攻撃力・ガード値・装甲値のいずれかを+5 1シナリオLv回,
新規,モルフェウス,砂の守護者,通常,1,オート,-,3,自動成功,自身,至近,リミット,前提条件:《砂の祝福》 《砂の祝福》を使用した直後に使用。《砂の祝福》の使用回数制限を1回ぶん回復。1シーン1回。,
新規,モルフェウス,咎人の剣,通常,3,メジャー,<白兵>,4,対決,-,-,リミット,前提条件:《インフィニティウェポン》 このエフェクトを組み合わせた攻撃の攻撃力を+[Lv*5]。《インフィニティウェポン》で作成した武器を使用していない場合、効果なし。,
新規,モルフェウス,魔弾の悪魔,通常,3,オート,-,4,自動成功,自身,至近,リミット,前提条件:《ハンドレッドガンズ》 自身が<射撃>判定を行った直後に使用。判定の達成値を+10。《ハンドレッドガンズ》で作成した武器を使用していない場合、効果なし。1シナリオLv回まで。,
-,モルフェウス,折り畳み,イージー,10,メジャー,-,-,自動成功,自身,至近,-,物品を紙状に折り畳むことで相手の目から隠すエフェクト。大きさにかかわらずLv個までの物品を隠しておくことができる。もし誰かが隠しているものを見つけようとした場合、〈知覚〉同士による対決を行なうこと。,
-,モルフェウス,壁抜け,イージー,1,メジャー,-,-,自動成功,自身,至近,-,密室や閉鎖空間、壁などの障害物を無視して移動するエフェクト。たとえ分厚い金属の壁に囲まれたシェル ターであっても、あなたの侵入を阻むことはできない。GMは必要と感じた なら、〈RC〉による判定を行なわせてもよい。,
新規,モルフェウス,急速分解,イージー,1,メジャー,-,-,自動成功,効果参照,至近,-,様々な物品に触れるだけで砂に変えることができるエフェクト。あなたにかかれば鉄壁の城壁も、頑強な戦車もたちどころに砂の山と化す。ただし、その反動かあなたは常に身体や身の回りが砂まみれになってしまう体質となる。GMはこのエフェクトで破壊できる物品に制限を加えたり、〈RC〉による判定を行わせてもよい。,
-,モルフェウス,成分分析,イージー,1,メジャー,-,-,自動成功,自身,至近,-,物質の構成要素を瞬時に割り出し、そこに含まれている元素とその性質を正確に把握するエフェクト。薬品から未知の道具、最新鋭の武器に至るまで、この世の形あるものであなたに分からないことは何もない。GMは必要と感じたなら〈RC〉による判定を行わせてもよい。,
-,モルフェウス,テクスチャーチェンジ,イージー,1,メジャー,-,-,自動成功,自身,至近,-,機能を維持したまま、物品の外見を変更するエフェクト。所持しているアイテムからひとつを選択する。選択したアイテムの外見を、あなたの思いのままに変更する。どのように外見を変化させても、データは変更されない。もし誰かが外見を変えているものの本来の姿を見被ろうとした場合、〈知覚〉同士による対決を行なうこと。,
-,モルフェウス,万能器具,イージー,1,メジャー,-,-,自動成功,自身,至近,-,大気やその場にある物質を使って、日用品を作り出すエフェクト。テレビやラジオ、携帯電話や洗濯機などはもちろん、小さな家や食器、工具なども作り出すことができる。GMは必要と感じたなら、〈RC〉による判定を行なわせてもよい。,
-,モルフェウス,文書偽造,イージー,1,メジャー,-,-,自動成功,自身,至近,-,特定の書類や公文書、紙幣などをその材質からインク、サインの筆跡や印章の捺印の力加減に至るまで忠実に偽造するエフェクト。世界一困難といわれる日本の紙幣さえも、完壁に再現することができる。ただし、購入判定にボーナスを受けることはできない。GMは必要と感じたなら、〈RC〉による判定を行なわせてもよい。,
-,モルフェウス,無上厨師,イージー,1,メジャー,-,-,自動成功,効果参照,至近,-,大気やその場にある物質を使ってあなたがよく知っている料理を作り出すエフェクト。肉や魚、野菜、希少 の香辛料や調味料、火加減に至るまであなたが知っている限り、忠実に再現 することができる。GMは必要と感じ たなら、〈RC〉による判定を行なわせてもよい。,
-,ノイマン,アドヴァイス,通常,5,メジャー,<交渉>,4,自動成功,単体,視界,-,次に対象が行うメジャーアクションのクリティカル値-1(下限6) 判定ダイス+Lv個,
改定,ノイマン,アナライズ,通常,3,リアク,<回避>,1,対決,自身,至近,-,組み合わせた判定のダイスを+Lv個する。,
旧,ノイマン,アナライズ,通常,3,リアク,<回避>,2,対決,自身,至近,-,組み合わせた判定のダイスを+Lv個する。,
改定,ノイマン,生き字引,通常,5,メジャー,<意思>,1,-,自身,至近,-,すべての情報技能の代わりに使用 情報収集判定 判定ダイス+Lv個,
旧,ノイマン,生き字引,通常,5,メジャー,<意思>,2,-,自身,至近,-,すべての情報技能の代わりに使用 情報収集判定 判定ダイス+Lv個,
-,ノイマン,インスピレーション,通常,3,メジャー,-,2,自動成功,自身,至近,-,他エフェクトと組み合わせ不可 GMに対して疑問点を直接質問可能 GMは回答を拒否可能 1シナリオLv回,
-,ノイマン,オウガバトル,通常,10,マイナー,-,2,自動成功,自身,至近,-,メインプロセスの間、自身が行う攻撃のダメージ+[Lv+2],
-,ノイマン,ガードクラッシュ,通常,5,メジャー,<白兵><射撃>,2,対決,-,武器,-,組み合わせた攻撃でダメージを与えた場合、ラウンド間、対象が行うガード値-[Lv*3],
改定,ノイマン,確定予測,通常,3,メジャー,シンドローム,4,-,-,-,-,組み合わせた判定に対するリアクションのクリティカル値+2 1シナリオLv回,
旧,ノイマン,確定予測,通常,3,メジャー,シンドローム,4,-,-,-,80%,組み合わせた判定に対するリアクションのクリティカル値+2 1シナリオLv回,
-,ノイマン,カリキュレーション,通常,3,オート,-,3,自動成功,自身,至近,-,何らかの判定を行う際に使用 あなたが受けているダイスを減少させる効果を受けない 1シナリオLv回,
改定,ノイマン,急所狙い,通常,5,メジャー,<白兵><射撃>,2,対決,-,武器,-,組み合わせた攻撃の攻撃力+[Lv*2],
旧,ノイマン,急所狙い,通常,10,メジャー,<白兵><射撃>,2,対決,-,武器,-,組み合わせた攻撃の攻撃力+[Lv+2],
新規,ノイマン,クイックモーション,通常,3,マイナー,-,2,自動成功,自身,至近,-,マイナーアクションで行える、エフェクト以外の行動をひとつ行う。1シーンLv回まで。,
新規,ノイマン,言葉の盾,通常,1,リアク,<交渉>,1,対決,自身,至近,-,組み合わせた判定でドッジを行える。,
新規,ノイマン,言葉の刃,通常,5,メジャー,<交渉>,3,対決,単体,視界,-,「攻撃力:+Lv」の射撃攻撃。対象の装甲値を無視してダメージを算出する。,
-,ノイマン,コントロールソート,通常,1,メジャー,効果参照,2,対決,-,武器,-,このエフェクト取得時に白兵か射撃のどちらかを選択し使用技能とする  エフェクト組み合わせ時、精神で判定を行える,
-,ノイマン,コンバットシステム,通常,3,メジャー/リアク,効果参照,3,対決,-,-,-,このエフェクト取得時に白兵か射撃のどちらかを選択し使用技能とする 組み合わせた判定のダイス+[Lv+1]個,
-,ノイマン,支援射撃,通常,5,オート,-,2,自動成功,単体,効果参照,-,「技能:射撃」の武器を装備中、対象が判定を行う直前に使用 対象の判定ダイス+Lv個 射程は武器と同一 自身対象不可 1ラウンド1回,
-,ノイマン,弱点看破,通常,3,メジャー,<交渉>,3,自動成功,単体,視界,-,ラウンド中、対象が行う攻撃の攻撃力+[Lv*3],
新規,ノイマン,スキルフォーカス,通常,3,メジャー,効果参照,2,-,-,-,-,このエフェクト取得時に任意の技能を選択し使用技能とする。組み合わせた判定の達成値を+[Lv*2]。,
-,ノイマン,零距離射撃,通常,3,メジャー,<射撃>,2,対決,-,至近,-,組み合わせた射撃攻撃のダイス+Lv個 攻撃は「射程:至近」になる 同一エンゲージ対象不可の武器であっても対象可能,
-,ノイマン,戦局判断,通常,3,セットアップ,-,4,自動成功,単体,視界,-,ラウンド中、対象の行動値を+[Lv*3] 自身対象不可,
改定,ノイマン,戦士の知恵,通常,5,オート,-,1,自動成功,自身,至近,-,ガードを行う際に宣言 ガード値+[Lv*2],
旧,ノイマン,戦士の知恵,通常,5,オート,-,2,自動成功,自身,至近,-,ガードを行う際に宣言 ガード値+[Lv*2],
-,ノイマン,戦術,通常,5,セットアップ,-,6,自動成功,シーン(選択),視界,-,ラウンド中に行うメジャーアクションのダイス+Lv個 自身対象不可,
-,ノイマン,ターゲッティング,通常,3,マイナー,-,2,自動成功,自身,至近,-,メインプロセス中、あなたが行う技能:白兵または射撃による攻撃の判定ダイス+Lv個,
改定,ノイマン,知識の泉,通常,5,メジャー,【精神】,1,-,-,-,-,組み合わせた判定ダイス+[Lv+1]個 戦闘中使用不可,
旧,ノイマン,知識の泉,通常,5,メジャー,【精神】,2,-,-,-,-,組み合わせた判定ダイス+[Lv+1]個 戦闘中使用不可,
-,ノイマン,ディフェンスサポート,通常,3,オート,-,2,自動成功,単体,視界,-,対象がガードを行う際に宣言 対象のガード値+[Lv*3] 自身対象不可 1ラウンド1回,
-,ノイマン,デュアルデュエル,通常,3,メジャー,<白兵><射撃>,2,対決,-,武器,-,組み合わせた攻撃に対するドッジのクリティカル値+1(上限10) 1シーンLv回,
-,ノイマン,天性のひらめき,通常,3,メジャー,効果参照,4,-,-,-,-,あらゆる能力値判定及び技能判定と組み合わせ可能 判定のクリティカル値-[Lv](下限7) 戦闘中使用不可,
-,ノイマン,抜き打ち,通常,5,メジャー,<白兵><射撃>,3,対決,-,武器,-,このエフェクトに対するドッジの判定ダイス-[Lv*2] この時装備する武器を変更してもよい 1シーン1回,
-,ノイマン,ファンアウト,通常,3,セットアップ,-,4,自動成功,範囲(選択),至近,-,対象は戦闘移動を行う 移動先は対象が決定する 効果拒否可能 自身対象不可 1シナリオLv回,
新規,ノイマン,封じ手,通常,3,メジャー,<交渉>,3,対決,単体,視界,-,射撃攻撃を行う。命中した場合、対象にバッドステータスの重圧を与える。1シナリオLv回まで。,
改定,ノイマン,ブラックマーケット,通常,3,常時,-,-,-,自身,至近,-,常備化ポイント+[Lv*10] 侵蝕率LvUp無 侵蝕率基本値+2,
旧,ノイマン,ブラックマーケット,通常,5,常時,-,-,-,自身,至近,-,常備化ポイント+[Lv*3] 侵蝕率LvUp無 侵蝕率基本値+2,
-,ノイマン,崩壊の一点,通常,5,メジャー,<白兵><射撃>,4,対決,-,武器,-,組み合わせた攻撃でダメージ適用時、対象が装備している防具ひとつを破壊 1シーンLv回,
-,ノイマン,守りの弾,通常,1,オート,<射撃>,5,効果参照,自身,至近,-,タイミング:リアクションのエフェクトとのみ組み合わせ可能 技能:射撃の武器を装備中20m以内に存在するキャラクターが攻撃の判定を行う直後に使用 達成値を難易度としてこのエフェクトを組み合わせた判定を行う 成功した場合攻撃は失敗になる 未行動のみ使用可能で行動済になる,
改定,ノイマン,マルチウェポン,通常,5,メジャー,<白兵><射撃>,3,対決,-,武器,-,同じ技能で扱う武器の攻撃力と効果のふたつを合計して使用可能 射程は短く攻撃範囲は狭いものを適用 同一エンゲージ対象不可の場合はそれに従う 組み合わせた判定の達成値-[5-Lv](最大0),
旧,ノイマン,マルチウェポン,通常,1,メジャー,<白兵><射撃>,3,対決,-,武器,-,同じ技能で扱う武器の攻撃力と効果のふたつを合計して使用可能 射程は短く攻撃範囲は狭いものを適用 同一エンゲージ対象不可の場合はそれに従う,
新規,ノイマン,マルチターゲット,通常,5,メジャー,<白兵><射撃>,2,対決,-,武器,-,組み合わせた攻撃の命中判定の達成値を+[Lv*2]。攻撃の対象が「対象:単体」の場合、効果を適用しない。,
-,ノイマン,八重垣,通常,1,オート,-,3,自動成功,自身,至近,-,ガードを行う際に宣言 ガードの間、同じ技能で扱う武器のガード値をふたつ合計して使用できる ふたつの武器は両方とも装備していなければならない,
-,ノイマン,リカバリー,通常,3,セットアップ,-,2,自動成功,単体,視界,-,対象の受けている暴走以外のバッドステータスを全て回復 あなたを対象にできず1シーンLv回まで使用可能,
-,ノイマン,カウンター,通常,3,リアク,<白兵><射撃>,4,対決,単体,武器,80%,「タイミング:メジャーアクション」のエフェクトと組み合わせ可能 「対象:単体」の攻撃を行ってきた際にリアクションとして使用可能 対決に勝利した側の攻撃が命中する 未行動のみ使用可能で行動済になる 1シナリオLv回,
新規,ノイマン,戦闘嗅覚,通常,3,メジャー,効果参照,4,対決,-,-,80%,あらゆる攻撃の命中判定と組み合わせ可。組み合わせた攻撃の攻撃力を+【精神】。1シーンLv回まで。,
新規,ノイマン,ひらめきの盾,通常,3,オート,-,2,自動成功,単体,視界,80%,対象にHPダメージが適用される直前に使用。対象が受ける(予定の)ダメージ-10点。1シナリオLv回まで。,
-,ノイマン,勝利の女神,通常,5,オート,-,4,自動成功,単体,視界,100%,対象が判定を行った直後に使用 判定の達成値+[Lv*3] 1ラウンド1回,
新規,ノイマン,チェンジ,通常,1,オート,-,3,自動成功,単体,至近,100%,対象への「対象:単体」の攻撃の判定の直後に使用。その攻撃の対象を自身に変更。リアクションは自身が行い、ダメージも自身が受ける。1ラウンド1回まで。,
-,ノイマン,ラストアクション,通常,1,オート,-,5,自動成功,自身,至近,100%,戦闘不能になった瞬間に使用 メインプロセスを行う 行動済でも行え行動済にならない メインプロセス終了後に戦闘不能を適用する 1シナリオ1回,
新規,ノイマン,刹那の勝機,通常,1,オート,-,4D10,自動成功,自身,至近,120%,重圧を受けていても使用可。自身へのHPダメージが算出された直後に使用。そのHPダメージを0にする。1シナリオ1回。,
-,ノイマン,戦神の祝福,通常,3,メジャ-,<白兵><射撃>,20,対決,-,武器,120%,組み合わせた攻撃の攻撃力+[Lv+4]D 1シナリオ1回,
-,ノイマン,ブリッツクリーク,通常,1,イニシアチブ,-,4D10,自動成功,単体,視界,120%,他エフェクトと組み合わせ不可 対象はイニシアチブプロセスにメインプロセスを行える 対象が行動済でも使用可能で行動済にならない 1シナリオ1回,
-,ノイマン,インタラプト,通常,3,オート,-,8,自動成功,単体,視界,ピュアブリード,対象が判定を行う直前に使用 判定のクリティカル値+1 1シナリオLv回,
-,ノイマン,常勝の天才,通常,5,セットアップ,-,6,自動成功,シーン(選択),視界,ピュアブリード,対象がこのラウンドに行うあらゆる攻撃の攻撃力+[Lv*4] 自身対象不可 1シーン1回,
改定,ノイマン,ヴァリアブルウェポン,通常,1,メジャー,<白兵><射撃>,3,対決,-,武器,リミット,前提:マルチウェポン マルチウェポンと組み合わせて使用 所持している攻撃に使用する武器と技能が同一のものからLv個選択 組み合わせた攻撃の攻撃力を[選択した武器の攻撃力合計]し、効果もすべて適用 選択した武器はメインプロセス間装備しているものとして扱う,
旧,ノイマン,ヴァリアブルウェポン,通常,1,メジャー,<白兵><射撃>,3,対決,-,武器,-,マルチウェポンと組み合わせて使用 所持している攻撃に使用する武器と技能が同一のものからLv個選択 組み合わせた攻撃の攻撃力を[選択した武器の攻撃力合計]し、効果もすべて適用 選択した武器はメインプロセス間装備しているものとして扱う,
新規,ノイマン,エクスマキナ,通常,3,メジャー/リアク,効果参照,4,対決,-,-,リミット,前提条件:《コンバットシステム》 《コンバットシステム》と組み合わせて使用。組み合わせた判定の達成値を+10。1シナリオにLv回まで。,
新規,ノイマン,鬼謀の策士,通常,1,セットアップ,-,6,自動成功,シーン(選択),視界,リミット,前提条件:《戦術》 《戦術》と組み合わせて使用し、ノイマンのエフェクトとのみ組み合わせることができる。組み合わせたエフェクトの対象をシーン(選択)、射程を視界に変更する。1シナリオ1回まで。,
,ノイマン,,イージー,,,,,,,,,,
,ノイマン,,イージー,,,,,,,,,,
,ノイマン,,イージー,,,,,,,,,,
,ノイマン,,イージー,,,,,,,,,,
,ノイマン,,イージー,,,,,,,,,,
,ノイマン,,イージー,,,,,,,,,,
,ノイマン,,イージー,,,,,,,,,,
,ノイマン,,イージー,,,,,,,,,,
-,オルクス,アニマルテイマー,通常,3,メジャー/リアク,シンドローム,3,-,-,-,-,組み合わせた判定のダイス+[Lv+1]個,
-,オルクス,雨粒の矢,通常,5,メジャー,<RC>,3,対決,シーン(選択),視界,-,「攻撃力:+[Lv*2]」の射撃攻撃 コンセントレイト組み合わせ不可,
-,オルクス,棘の縛め,通常,10,メジャー,<RC>,1,対決,単体,視界,-,「攻撃力:+Lv」の射撃攻撃 対象にダメージ適用時、バッドステータス硬直,
新規,オルクス,運命の切り替え,通常,3,オート,-,3,自動成功,単体,視界,-,対象がリアクションとしてドッジを行い、失敗した直後に使用。対象の代わりにリアクションとしてドッジを行う。成功すれば、対象がドッジに成功したかのように回避。1シナリオLv回まで。,
-,オルクス,形なき剣,通常,3,メジャー,<射撃><白兵>,2,対決,-,武器,-,このエフェクトに対するドッジのダイス-Lv個,
-,オルクス,要の陣形,通常,3,メジャー,シンドローム,3,-,3体,-,-,組み合わせた行動の対象を3体に変更 1シナリオLv回,
新規,オルクス,空間歪曲射撃,通常,5,メジャー,<射撃>,2,対決,単体,視界,-,このエフェクトを組み合わせた射撃攻撃を「対象：視界」に変更。攻撃に対するガード値を-5。1シナリオLv回。,
新規,オルクス,崩れる大地,通常,5,メジャー,<RC>,2,対決,単体,視界,-,射撃攻撃。命中した場合、そのシーンの間対象のドッジ判定のダイスを-Lv個。対象はマイナーアクションで解除可。,
改定,オルクス,幸運の守護,通常,1,リアクション,<RC>,1,対決,自身,至近,-,このエフェクトを組み合わせた判定でドッジを行える。,
旧,オルクス,幸運の守護,通常,1,リアクション,<RC>,2,対決,自身,至近,-,このエフェクトを組み合わせた判定でドッジを行える。,
新規,オルクス,拘束する大地,通常,3,メジャー,<RC>,3,対決,単体,視界,-,射撃攻撃。命中した場合、そのラウンドの間、対象が行う判定のダイスを-[Lv+2]個。このエフェクトを組み合わせた攻撃で対象にダメージを与えることはできない。,
-,オルクス,黒曜の鎧,通常,5,マイナー,-,2,自動成功,自身,至近,-,防具を作成し装備 種別:防具 ドッジ:-3 行動:-3 装甲値:[8+Lv*3],
-,オルクス,支配の領域,通常,3,オート,-,6,自動成功,単体,視界,-,対象が判定ダイスを振った直後に使用 判定ダイスの目ひとつを1に変更 1回の判定につき1回 1シナリオLv回,
-,オルクス,ジャミング,通常,3,オート,-,4,自動成功,単体,視界,-,対象が判定を行う直前に使用 判定ダイス-Lv個 1ラウンド1回,
-,オルクス,縮地,通常,5,オート,-,2,自動成功,自身,至近,-,自身が戦闘移動・全力移動を行う直前に使用。任意の場所に移動可能。この移動では離脱を行える。1シナリオLv回,
-,オルクス,世界樹の葉,通常,3,メジャー,<RC>,5,自動成功,単体,至近,-,対象の戦闘不能を回復し、HP1まで回復 対象の侵蝕値5上昇 非オーヴァードがオーヴァードに覚醒する可能性有 1シナリオLv回,
-,オルクス,絶対の空間,通常,3,マイナー,-,2,自動成功,自身,至近,-,メインプロセス中、自身が行うオルクスのエフェクトを使用した判定ダイス+Lv個,
-,オルクス,大地の加護,通常,5,メジャー,シンドローム,2,対決,-,,-,このエフェクトを組み合わせた攻撃の攻撃力を+[Lv*2],
-,オルクス,大地の牙,通常,10,メジャー,<RC>,1,対決,-,視界,-,「攻撃力:+[Lv+2]」の射撃攻撃 ドッジの判定ダイス-1個 同一エンゲージ対象不可,
新規,オルクス,得意領域,通常,5,セットアップ,-,6,自動成功,単体,視界,-,対象が判定のダイスを振った直後に使用。ダイス目のひとつを1に変更する。このエフェクトは対象が判定を行っている最中にも使用できる。1回の判定につき1回、1シナリオLv回まで。,
-,オルクス,ナイトライダー,通常,5,メジャー/リアク,<運転>,2,-,-,-,-,このエフェクトを組み合わせた判定のダイスを+Lv個,
-,オルクス,奈落の法則,通常,3,セットアップ,-,4,自動成功,範囲,至近,-,ラウンド中、対象が行うあらゆる判定のクリティカル値+1 自身対象不可 1シナリオLv回,
-,オルクス,縛鎖の空間,通常,3,メジャー,<RC>,3,対決,単体,視界,-,射撃攻撃 命中時バッドステータス重圧＋放心 1シナリオLv回,
-,オルクス,破砕の顎,通常,5,メジャー,<RC>,3,対決,範囲(選択),視界,-,「攻撃力:+[Lv*2+2]：」の射撃攻撃 攻撃に対するドッジの判定ダイス-2個 同一エンゲージ対象不可 1シーン1回,
-,オルクス,ハンドリング,通常,3,オート,-,1,自動成功,自身,至近,-,シーン登場時に使用 自身の代わりに支配下の動物を登場 シーン中、知覚判定の達成値を+[Lv*3] アニマルテイマー使用不可 動物と能力値・ダメージを共有して扱う,
-,オルクス,惑いの一撃,通常,3,メジャー,シンドローム,3,対決,-,-,-,エフェクトに対するドッジのダイス-[Lv+1]個,
改定,オルクス,導きの華,通常,5,メジャー,<RC><交渉>,4,自動成功,単体,視界,-,対象が次に行うメジャーアクションの達成値+[Lv*2] 購入判定に効果を発揮しない,
旧,オルクス,導きの華,通常,5,メジャー,<RC><交渉>,2,自動成功,単体,視界,-,対象が次に行うメジャーアクションの達成値+[Lv*2] 購入判定に効果を発揮しない,
-,オルクス,緑の鞭,通常,5,マイナー,-,2,自動成功,自身,至近,-,武器を作成し装備 種別:白兵 技能:白兵 命中:0 攻撃:+[Lv+2] ガード値:1 射程:20m,
-,オルクス,歪みの領域,通常,3,オート,-,3,自動成功,自身,至近,-,射撃攻撃に対してガードを行う際に宣言 自身を攻撃してきたキャラクターに[Lv*5]のHPダメージ 1ラウンド1回,
-,オルクス,妖精の手,通常,3,オート,ｰ,4,自動成功,単体,視界,-,対象が判定ダイスを振った直後に使用 対象の判定ダイス目の一つを10に変更 対象が判定を行っている最中にも使用可能 1回の判定につき1回 1シナリオLv回,
-,オルクス,力場の形成,通常,5,セットアップ,-,3,自動成功,単体,視界,-,ラウンド中、対象の行うあらゆる攻撃の攻撃力+[Lv*2],
-,オルクス,隆起する大地,通常,5,オート,-,2,自動成功,範囲(選択),至近,-,対象にHPダメージが適用される直前に使用 対象が受ける予定のダメージ-[1D+Lv*3] 1ラウンド1回,
-,オルクス,領域調整,通常,3,メジャー/リアク,<交渉>,2,-,-,-,-,このエフェクトを組み合わせた判定のダイスを+Lv個,
新規,オルクス,領域の加護,通常,3,メジャー,<RC><交渉>,2,自動成功,単体,視界,-,対象が次に行うメジャーアクションの攻撃の攻撃力を+[Lv*2]する。,
改定,オルクス,領域の声,通常,3,メジャー,<情報>,1,-,-,-,-,組み合わせた判定ダイス+[Lv+1]個,
旧,オルクス,領域の声,通常,3,メジャー,<情報>,2,-,-,-,-,組み合わせた判定ダイス+[Lv+1]個,
-,オルクス,領域の守護者,通常,1,オート,-,2,自動成功,自身,至近,-,領域の盾を使用する直前に宣言 領域の盾の射程を視界に変更 1シーン1回,
-,オルクス,領域の盾,通常,3,オート,-,4,自動成功,単体,至近,-,ダメージロールの直前に使用 対象はカバーリングを行う 行動済にならず行動済でも使用可能 効果拒否可能 1シーンLv回,
新規,オルクス,領域の庇護,通常,3,オート,-,3,自動成功,単体,視界,-,対象がバッドステータスを受けた直後に使用。対象の受けている暴走以外のバッドステータスをLv個回復する。1シーン1回まで。,
-,オルクス,オーバーロード,通常,1,オート,-,3,自動成功,自身,至近,80%,自身が行う攻撃の命中判定の直前に使用 攻撃力+[武器ひとつの攻撃力] メインプロセス終了時に武器破壊,
新規,オルクス,スモールワールド,通常,3,オート,-,7,自動成功,単体,視界,80%,対象が攻撃の判定を行った直後に使用。判定の達成値を-[Lv*5](最低1)する。1シナリオ1回まで。,
-,オルクス,束縛の領域,通常,1,オート,<交渉>,5,効果参照,自身,至近,80%,「タイミング:リアクション」のエフェクトと組み合わせ可能 「視界:射程」に存在するキャラクターが攻撃判定を行った直後に使用 その達成値を難易度として判定を行い、成功すれば攻撃を失敗とする 1シーン1回,
新規,オルクス,拡散する世界,通常,1,オート,-,10,自動成功,単体,視界,100%,対象が「対象：自身」ではないメジャーアクションを宣言した際に使用。その対象をシーン(選択)に、射程を視界に変更する。自身は20点のHPを消費。対象は拒否可能。1シナリオ1回まで。,
改定,オルクス,完全なる世界,通常,3,メジャー,シンドローム,5,対決,-,-,100%,組み合わせた攻撃の判定ダイス+[Lv+1]個 攻撃力+[Lv*3],
旧,オルクス,完全なる世界,通常,3,メジャー,シンドローム,6,対決,-,-,100%,組み合わせた攻撃の判定ダイス+[Lv+1]個。この攻撃に対するリアクションのクリティカル値+1,
-,オルクス,力の法則,通常,3,オート,-,4,自動成功,単体,視界,100%,対象が行うダメージロールの直前に使用 ダメージ+[Lv+1]D 自身対象不可 1ラウンド1回,
新規,オルクス,事象固定化,通常,3,メジャー,シンドローム,4D10,対決,-,-,120%,このエフェクトと組み合わせた攻撃で与えたバッドステータスは、エフェクトで回復できない。ただし、そのバッドステータスはクリンナッププロセスで自動的に回復する。1シナリオLv回まで。,
-,オルクス,復讐の領域,通常,1,オート,-,4D10,自動成功,単体,視界,120%,自身にHPダメージ適用直後に使用 同量のHPダメージを与ダメージ側に与える カバーリング時使用不可 1シーン1回,
-,オルクス,ナーブジャック,通常,1,メジャー,<RC>,4D10,対決,単体,視界,120%,対象の意志と対決を行い、勝利した場合、対象にメジャーアクション1回を行わせる 行動内容があなたが決定 回数制限のある装備やエフェクトは使用不可。対象変更不可,
-,オルクス,支配の因子,通常,3,セットアップ,-,6,自動成功,シーン(選択),視界,ピュアブリード,ラウンド中、対象が行う攻撃の攻撃力-[Lv*5] 1シナリオ1回,
改定,オルクス,絶望の領域,通常,3,セットアップ,-,4,自動成功,シーン(選択),視界,ピュアブリード,ラウンド中、対象が行うあらゆる判定ダイス-[Lv*2]個 1シナリオ1回,
旧,オルクス,絶望の領域,通常,3,セットアップ,-,4,自動成功,シーン(選択),視界,ピュアブリード,ラウンド中、対象が行うあらゆる判定ダイス-3個 1シナリオLv回,
新規,オルクス,バックスタブ,通常,5,常時,-,-,自動成功,自身,至近,リミット,前提条件:《縮地》 《縮地》を使用したメインプロセスの間、自身が行う白兵攻撃の攻撃力を+[Lv*5]。侵蝕率でレベルアップしない。侵蝕率基本値+4,
新規,オルクス,未知なる陣形,通常,1,常時,-,-,自動成功,自身,至近,リミット,前提条件:《要の陣形》 自身の使用した《要の陣形》は、組み合わせた行動の対象を3体ではなく5体に変更できるようになる。侵蝕率でレベルアップしない。侵蝕率基本値+5,
新規,オルクス,妖精の輪,通常,3,オート,-,4,自動成功,自身,至近,リミット,前提条件:《妖精の手》 《妖精の手》と同時に使用。その判定中、すでに《妖精の手》を使用していた場合も、追加でもう1回だけ《妖精の手》を使用できるようになる。1回の判定につき1回、1シナリオLv回まで。,
,オルクス,,イージー,,,,,,,,,,
,オルクス,,イージー,,,,,,,,,,
,オルクス,,イージー,,,,,,,,,,
,オルクス,,イージー,,,,,,,,,,
,オルクス,,イージー,,,,,,,,,,
,オルクス,,イージー,,,,,,,,,,
,オルクス,,イージー,,,,,,,,,,
,オルクス,,イージー,,,,,,,,,,
-,オルクス,ブレインジャック,エネミー,1,メジャー,<RC>,-,対決,単体,至近,-,対象の<意志>と対決を行う。このエネミーが勝利した場合、そのシナリオの間、対象の行動はこのエネミーが決定する。この効果はこのエネミーの任意のタイミングで解除できる。また、このエネミーが死亡した場合も、この効果は解除される。,
-,サラマンダー,蒼き悪魔,通常,5,オート,-,3,自動成功,自身,至近,-,自身のガード時に宣言。攻撃してきたキャラクターに[Lv*3]点のHPダメ―ジ。1ラウンド1回。,
-,サラマンダー,エネルギーマイスター,通常,5,メジャ-,シンドローム,3,対決,-,-,-,組み合わせた攻撃に対して対象がガードを行った場合、対象はHPを[Lv*3]失う。,
-,サラマンダー,炎陣,通常,1,オート,-,2,自動成功,自身,至近,-,ダメージロールの直前に使用。カバーリングを行う。行動済みでも使用可能。行動済みにならない。1メインプロセス1回。,
-,サラマンダー,炎神の怒り,通常,3,メジャー/リアク,【肉体】,3,-,-,-,-,組み合わせた判定ダイス+[Lv+1]個。3HP消費。,
改定,サラマンダー,陽炎,通常,3,リアク,<回避>,2,対決,自身,至近,-,ドッジを行う 判定ダイス+[Lv+1]個,
旧,サラマンダー,陽炎,通常,3,リアク,<回避>,3,対決,自身,至近,-,ドッジを行う 判定ダイス+[Lv+1]個,
-,サラマンダー,禁息,通常,1,メジャー,<RC>,2,対決,範囲（選択）,至近,-,射撃攻撃。命中時バッドステータス放心。1シーン1回。,
新規,サラマンダー,紅蓮の衣,通常,5,メジャー,<白兵><RC>,2,対決,-,至近,-,組み合わせた攻撃では、ガードを行ったキャラクターに対して与えるダメージを+[Lv*5],
-,サラマンダー,氷の戒め,通常,3,メジャー,<RC>,3,対決,単体,視界,-,射撃攻撃。命中時、ラウンド中対象が行うあらゆる判定ダイス-[Lv+1]個。,
-,サラマンダー,氷の回廊,通常,5,マイナー,-,1,-,自身,至近,-,[飛行状態]で戦闘移動。その際、移動距離を+[Lv*2]m。,
-,サラマンダー,氷の加護,通常,5,マイナー,-,3,自動成功,自身,至近,-,メインプロセス中、自身が行うサラマンダーのエフェクトを組み合わせた攻撃の攻撃力+[Lv*2],
-,サラマンダー,氷の城塞,通常,3,セットアップ,-,3,自動成功,自身,至近,-,ラウンド中、自身が受けるあらゆるHPダメージ-[Lv*3]。移動を行った場合、効果は失われる,
改定,サラマンダー,氷の塔,通常,5,メジャー,<RC>,4,対決,範囲（選択）,視界,-,「攻撃力:+[Lv*3]」の射撃攻撃。同一エンゲージ対象不可,
旧,サラマンダー,氷の塔,通常,5,メジャー,<RC>,3,対決,範囲（選択）,視界,-,「攻撃力:+[Lv*3]」の射撃攻撃。同一エンゲージ対象不可,
新規,サラマンダー,災厄の炎,通常,5,メジャー,<RC>,4,対決,範囲（選択）,至近,-,「攻撃力:+[Lv*3]」の射撃攻撃。このエフェクトと組み合わせた攻撃は対象が範囲(選択)、射程が至近となる。このエフェクトの対象、射程は変更不可。,
改定,サラマンダー,灼熱の結界,通常,5,オート,-,1,自動成功,自身,至近,-,ガードを行う際、ガード値を+[Lv*2]。,
旧,サラマンダー,灼熱の結界,通常,5,オート,-,2,自動成功,自身,至近,-,ガードを行う際、ガード値を+[Lv*2]。,
-,サラマンダー,灼熱の砦,通常,3,メジャー,シンドローム,3,対決,-,-,-,組み合わせた攻撃の攻撃力+[Lv*3]。戦闘移動、全力移動、離脱を行っている場合は使用不可。,
-,サラマンダー,焦熱の弾丸,通常,10,メジャー,<RC>,1,対決,-,視界,-,「攻撃力:+[Lv+2]」の射撃攻撃,
新規,サラマンダー,絶対零度,通常,3,常時,-,-,自動成功,自身,至近,-,自身がバッドステータスの暴走を受けている間、【精神】を使用した判定のダイスを+[Lv+1]個。侵蝕率でレベルアップしない。侵蝕率基本値+3,
新規,サラマンダー,先陣の火,通常,3,セットアップ,-,2,自動成功,自身,至近,-,ラウンド中、自身の【行動値】を+[Lv*5]。1シーン1回まで。,
-,サラマンダー,憎悪の炎,通常,1,メジャー,シンドローム,2,対決,-,-,-,組み合わせた攻撃でダメージを与えた場合、対象に憎悪を与える。対象は自分。,
新規,サラマンダー,バーニングハート,通常,5,オート,-,2,自動成功,自身,至近,-,自身がHPダメージを受けた直後に使用。自身はバッドステータスの暴走を受ける。シーン中、自身の攻撃の攻撃力を+[Lv*2]。,
-,サラマンダー,白熱,通常,10,マイナー,-,3,自動成功,自身,至近,-,素手のデータを変更 種別:白兵 技能:白兵 命中:0 攻撃力:+[Lv+5] ガード値:4 射程:至近,
-,サラマンダー,火の檻,通常,1,マイナー,-,1,自動成功,自身,至近,-,ラウンド中、自身のエンゲージを封鎖する 任意解除可能,
-,サラマンダー,氷炎の剣,通常,5,マイナー,-,3,自動成功,自身,至近,-,武器を作成し装備 種別:白兵 技能:白兵 命中:-2 攻撃力:+[Lv+6] ガード値:6 射程:至近,
改定,サラマンダー,氷盾,通常,3,オート,-,2,自動成功,自身,至近,-,自身がガードを行う際に宣言 ガード値+[Lv*5],
旧,サラマンダー,氷盾,通常,3,オート,-,3,自動成功,自身,至近,-,自身がガードを行う際に宣言 ガード値+[Lv*5],
-,サラマンダー,氷神の悲しみ,通常,3,メジャー/リアク,【感覚】,3,-,-,-,-,組み合わせた判定ダイス+[Lv+1]個。HP3点消費。,
改定,サラマンダー,氷雪の守護,通常,3,オート,-,3,自動成功,自身,至近,-,HPダメージ適用直前に使用。受ける予定のダメージ-(Lv+1)D点。1ラウンド1回。,
旧,サラマンダー,氷雪の守護,通常,3,オート,-,3,自動成功,自身,至近,-,HPダメージ適用直前に使用。受ける予定のダメージ-(Lv)D点。1ラウンド1回。,
-,サラマンダー,氷壁,通常,1,オート,<RC>,5,対決,自身,至近,-,相手の攻撃とこのエフェクトを組み合わせた判定を行い、勝つと攻撃は失敗。タイミング：リアクションのエフェクトと組み合わせ可。[未行動]でのみ使え、使用後[行動済み],
新規,サラマンダー,フェニックスの翼,通常,3,クリンナップ,-,4,自動成功,自身,至近,-,自身のHPを[Lv*5]点回復。戦闘中ではない場合、1シーンに1回まで。,
-,サラマンダー,ブリザードブレス,通常,5,メジャー,<RC>,3,対決,範囲（選択）,視界,-,「攻撃力:+Lv」の射撃攻撃。組み合わせた判定ダイス-3個。,
-,サラマンダー,フレイムリング,通常,5,マイナー,-,2,自動成功,自身,至近,-,武器を作成し装備 種別:射撃 技能:射撃 命中:-2 攻撃力:+[Lv+6] ガード値:- 射程:30m,
新規,サラマンダー,フレイムタン,通常,5,メジャー,<白兵>,2,対決,-,視界,-,組み合わせた攻撃の射程を視界に変更する。組み合わせた攻撃の攻撃力を-[5-Lv(最大0)],
-,サラマンダー,ブレインコントロール,通常,3,マイナー,-,2,自動成功,自身,至近,-,自身が行うサラマンダーのエフェクトを組み合わせた攻撃に対するドッジダイス-[Lv+1]個。,
-,サラマンダー,炎の加護,通常,3,マイナー,-,2,自動成功,自身,至近,-,組み合わせた判定ダイス+Lv個。,
-,サラマンダー,炎の刃,通常,5,メジャー,<白兵><射撃>,2,対決,-,武器,-,組み合わせた攻撃の攻撃力+[Lv*2],
-,サラマンダー,融解,通常,5,オート,-,2,自動成功,単体,至近,-,対象の攻撃時に宣言。メインプロセス中、対象の攻撃力-[Lv*3]。1ラウンド1回。,
-,サラマンダー,揺るぎなき心,通常,5,マイナー,-,1,自動成功,自身,至近,-,自身が受けている暴走以外のバッドステータスを[Lv+1]個回復。,
-,サラマンダー,冷気の鎌,通常,5,メジャー,シンドローム,2,対決,-,-,-,組み合わせた判定に対するドッジは、判定ダイス-Lv個。,
-,サラマンダー,クロスバースト,通常,3,メジャー,シンドローム,4,対決,-,-,80%,組み合わせて行う攻撃の攻撃力+[Lv*4]。組み合わせた判定ダイス-2個。,
-,サラマンダー,終末の炎,通常,3,マイナー,-,2,自動成功,自身,至近,80%,[Lv*5]点までの任意のHPを消費。メインプロセス中、自身が行う攻撃の攻撃力+[消費HP],
新規,サラマンダー,吹雪の守護,通常,1,オート,-,2,自動成功,範囲（選択）,至近,80%,取得には《氷雪の守護》が必要。《氷雪の守護》と同時に使用。その対象を範囲(選択)にする。,
新規,サラマンダー,インフェルノ,通常,1,メジャー,シンドローム,4,対決,単体,-,100%,組み合わせた攻撃で1点でもダメージを与えた場合、対象を行動済みにする。このエフェクトの対象は変更不可。1シーンに1回まで。,
新規,サラマンダー,エネルギーシールド,通常,1,オート,-,5,自動成功,自身,至近,100%,ガードの直前に使用。「ガードを行えない」「リアクションを行えない」攻撃に対しても、ガードを行うことができる。1シナリオ1回まで。,
-,サラマンダー,プラズマカノン,通常,3,メジャー,<RC>,4,対決,単体,視界,100%,「攻撃力:+[Lv*5]」の射撃攻撃。,
-,サラマンダー,極大消滅波,通常,5,イニシアチブ,-,4D10,自動成功,範囲（選択）,視界,120%,他のエフェクトと組み合わせ不可。対象に[Lv+2]DのHPダメージ。命中判定無し。リアクション不可。1シナリオ1回。,
新規,サラマンダー,氷熱の軍団,通常,5,イニシアチブ,-,10,自動成功,シーン(選択),視界,120%,他のエフェクトと組み合わせ不可。ラウンド中、対象の行う攻撃の攻撃力を+[Lv*4]する。1シナリオ1回。,
-,サラマンダー,燃える魂,通常,3,オート,-,4D10,自動成功,自身,至近,120%,戦闘不能時に使用。戦闘不能を回復し、HPを[Lv*10]まで回復。1シナリオ1回。,
-,サラマンダー,結合粉砕,通常,3,メジャー,シンドローム,4,自動成功,-,-,ピュアブリード,組み合わせた判定ダイス+Lv個、装甲値無視。,
-,サラマンダー,閃熱の防壁,通常,3,オート,-,4,自動成功,単体,視界,ピュアブリード,対象にHPダメージ適用直前に使用 受ける予定のダメージ-[Lv+2]D点 自身対象不可 1ラウンド1回。,
新規,サラマンダー,地獄の氷炎,通常,5,マイナー,-,2,自動成功,自身,至近,リミット,前提条件:《氷炎の剣》 《氷炎の剣》と組み合わせて使用する。《氷炎の剣》で作成する武器の、攻撃力もしくはガード値を+[Lv*3]。使用時に攻撃力とガード値のどちらかを選択し片方だけ適用。,
新規,サラマンダー,火の鳥の加護,通常,3,オート,-,4,自動成功,自身,至近,リミット,前提条件:《フェニックスの翼》 自身が《フェニックスの翼》を使用する直前に宣言。《フェニックスの翼》の対象を範囲(選択)に変更する。1シナリオLv回まで。,
新規,サラマンダー,氷炎の乱舞,通常,5,メジャー,<RC>,4,対決,-,-,リミット,前提条件:《災厄の炎》か《氷の塔》 《災厄の炎》か《氷の塔》のいずれかと組み合わせて使用する。組み合わせた攻撃の攻撃力を+[Lv*3]。組み合わせた判定のダイスを-2個。,
,サラマンダー,,イージー,,,,,,,,,,
,サラマンダー,,イージー,,,,,,,,,,
,サラマンダー,,イージー,,,,,,,,,,
,サラマンダー,,イージー,,,,,,,,,,
,サラマンダー,,イージー,,,,,,,,,,
,サラマンダー,,イージー,,,,,,,,,,
,サラマンダー,,イージー,,,,,,,,,,
,サラマンダー,,イージー,,,,,,,,,,
改定,ソラリス,アクセル,通常,5,セットアップ,-,1,自動成功,単体,視界,-,ラウンド中、対象の行動値+[Lv*2],
旧,ソラリス,アクセル,通常,5,セットアップ,-,3,自動成功,単体,視界,-,ラウンド中、対象の行動値+[Lv*2],
新規,ソラリス,アシッドボール,通常,5,メジャー,<RC>,2,対決,-,視界,-,[攻撃力:+Lv]の射撃攻撃。対象の装甲値を-5してダメージ計算。,
改定,ソラリス,アドレナリン,通常,3,メジャー/リアク,【肉体】,3,-,-,-,-,組み合わせた判定ダイス+[Lv+1]個。,
旧,ソラリス,アドレナリン,通常,3,メジャー/リアク,【肉体】,3,-,-,-,-,組み合わせた判定ダイス+[Lv+1]個。HP3点消費,
新規,ソラリス,甘い芳香,通常,3,セットアップ,-,4,自動成功,範囲,視界,-,ラウンド中、対象の【行動値】-[Lv*2],
-,ソラリス,抗いがたき言葉,通常,5,メジャー,<交渉>,2,対決,単体,視界,-,射撃攻撃 命中時、ラウンド中対象が行うあらゆる判定ダイス-Lv個,
-,ソラリス,戦乙女の導き,通常,3,メジャー,<RC>,2,自動成功,単体,至近,-,対象が次に行うメジャーアクションのダイス+Lv個 それが攻撃の場合、攻撃力+5,
新規,ソラリス,痛みの水,通常,5,メジャー,<射撃>,2,対決,単体,視界,-,「攻撃力:+Lv」の射撃攻撃。1点でもダメージを与えた場合、対象にバッドステータス放心を与える。,
改定,ソラリス,命の盾,通常,1,リアク,<交渉>,1,対決,自身,至近,-,このエフェクトを組み合わせた判定でドッジを行える,
旧,ソラリス,命の盾,通常,1,リアク,<交渉>,3,対決,自身,至近,-,このエフェクトを組み合わせた判定でドッジを行える,
-,ソラリス,茨の輪,通常,5,メジャー,<RC>,2,対決,-,視界,-,射撃攻撃 命中時、ラウンド中対象が行うあらゆる判定ダイス-Lv個,
-,ソラリス,癒しの水,通常,5,メジャー,<RC>,2,自動成功,-,視界,-,対象のHPを「(Lv)D+精神」点回復,
新規,ソラリス,エクスプロージョン,通常,3,メジャー,<RC>,3,対決,範囲(選択),視界,-,「攻撃力:+8」の射撃攻撃。1シナリオLv回まで。,
改定,ソラリス,完全抗体,通常,3,リアク,効果参照,1,対決,自身,至近,-,あらゆるリアクションの判定に組み合わせ可能 組み合わせた判定ダイス+Lv個 アクション側が判定にエフェクトを使用している事が使用条件,
旧,ソラリス,完全抗体,通常,3,リアク,効果参照,2,対決,自身,至近,-,あらゆるリアクションの判定に組み合わせ可能 組み合わせた判定ダイス+Lv個 アクション側が判定にエフェクトを使用している事が使用条件,
-,ソラリス,恐怖の一言,通常,5,メジャー,<交渉>,2,対決,単体,至近,-,射撃攻撃 命中時、対象はエンゲージから[Lv*2]m移動 移動先はあなたが決定,
-,ソラリス,苦痛の矢,通常,5,マイナー,-,4,自動成功,自身,至近,-,武器を作成し装備 種別:射撃 技能:射撃 命中:0 攻撃力:+[Lv+2] ガード値:0 射程:視界,
新規,ソラリス,攻撃誘導,通常,3,セットアップ,-,3,自動成功,単体,視界,-,ラウンド中、対象があなたを含まない攻撃を行う場合、その判定のダイス-[Lv*2]個。,
-,ソラリス,罪人の枷,通常,10,メジャー,<白兵><射撃>,3,対決,単体,武器,-,組み合わせた攻撃が命中した場合、ラウンド中、対象が行う判定の達成値-[Lv*2],
-,ソラリス,錯覚の香り,通常,3,メジャー/リアク,<交渉>,2,-,-,-,-,組み合わせた判定ダイス+Lv個,
-,ソラリス,絶対の恐怖,通常,5,メジャー,<交渉>,3,対決,-,視界,-,「攻撃力:+Lv」の射撃攻撃 対象の装甲値無視,
新規,ソラリス,扇動の香り,通常,5,セットアップ,-,5,自動成功,単体,視界,-,ラウンド中、対象を攻撃するキャラクターは、命中判定のダイスを+Lv個する。,
-,ソラリス,タブレット,通常,3,オート,-,2,自動成功,自身,至近,-,自身のソラリスのエフェクト使用直前に使用 エフェクトの射程を「射程:視界」に変更 1シーンLv回,
-,ソラリス,中和剤,通常,1,メジャー,<RC>,2,自動成功,-,視界,-,対象の受けている暴走以外のバッドステータスをすべて回復,
改定,ソラリス,彫像の声,通常,3,メジャー,<交渉>,4,対決,単体,視界,-,射撃攻撃 命中時、シーン中の対象の行動値-[Lv*5] マイナーアクション使用で解除可能,
旧,ソラリス,彫像の声,通常,3,メジャー,<交渉>,3,対決,単体,視界,-,射撃攻撃 命中時、シーン中の対象の行動値-[Lv*2] マイナーアクション使用で解除可能,
改定,ソラリス,毒の刃,通常,10,マイナー,ｰ,1,自動成功,自身,至近,-,メインプロセス中、自身の行う攻撃の攻撃力+Lv,
旧,ソラリス,毒の刃,通常,10,マイナー,ｰ,2,自動成功,自身,至近,-,メインプロセス中、自身の行う攻撃の攻撃力+Lv,
-,ソラリス,止まらずの舌,通常,3,メジャー,<RC>,3,対決,単体,至近,-,対象の意志と対決を行い、勝利した場合、あなたの質問ひとつに対象は必ず答える GM禁止有 1シナリオLv回,
新規,ソラリス,トラップスライム,通常,3,メジャー,<RC>,4,対決,範囲(選択),視界,-,射撃攻撃。命中時、対象にバッドステータスの硬直を与える。1シナリオLv回。,
-,ソラリス,トランキリティ,通常,5,メジャー/リアク,【精神】,3,-,-,-,-,組み合わせた判定ダイス+[Lv+1]個 5HP消費,
-,ソラリス,人形使い,通常,3,メジャー,<交渉>,5,対決,単体,視界,-,オーヴァードに効果無 対象の意志と対決を行い、勝利時、対象に命令をひとつ行わせる 1シナリオLv回,
-,ソラリス,熱狂,通常,5,メジャー,<RC>,2,自動成功,単体,視界,-,シーン中、対象の行う白兵攻撃の攻撃力+[Lv*3] 対象はバッドステータス暴走を受ける 効果拒否可能,
-,ソラリス,眠りの粉,通常,3,メジャー,<RC>,1,対決,単体,視界,-,トループのみ対象可能 射撃攻撃 命中時、対象を戦闘不能にする HPダメージ適用不可 1シナリオLv回,
-,ソラリス,破滅の言霊,通常,1,メジャー,<交渉>,2,対決,単体,至近,-,射撃攻撃 命中時、バッドステータス放心,
-,ソラリス,腐食の指先,通常,5,メジャー,<白兵><射撃>,2,対決,単体,武器,-,組み合わせた攻撃が命中した場合、シーン中、対象の装甲値-[Lv*5](最低0),
-,ソラリス,ポイズンフォッグ,通常,3,メジャー,シンドローム,2,-,範囲(選択),至近,-,組み合わせたエフェクトの射程を至近、対象を範囲(選択)に変更 1シナリオLv回,
改定,ソラリス,群れの召喚,通常,3,リアク,効果参照,1,対決,自身,至近,-,命の盾と組み合わせて使用 組み合わせた判定ダイス+Lv個,
旧,ソラリス,群れの召喚,通常,3,リアク,効果参照,2,対決,自身,至近,-,命の盾と組み合わせて使用 組み合わせた判定ダイス+Lv個,
新規,ソラリス,猛毒の雫,通常,5,マイナー,-,2,自動成功,自身,至近,-,そのメインプロセスに行う攻撃で1点でもHPダメージを与えた場合、さらにバッドステータスの邪毒を与える。邪毒のランクはLvとなる。,
-,ソラリス,盲目の羊,通常,5,オート,-,3,自動成功,単体,至近,-,対象が判定を行う直前に使用。判定ダイス-[Lv+1]個。1ラウンド1回,
-,ソラリス,ヨモツヘグリ,通常,3,メジャー,<RC>,6,自動成功,単体,至近,-,対象の戦闘不能回復、HP1まで回復 対象の侵蝕値2D上昇 対象がオーヴァードとして覚醒可能性有 1シナリオLv回,
-,ソラリス,流血の胞子,通常,5,メジャー,<RC>,2,対決,-,視界,-,射撃攻撃 命中時、バッドステータス邪毒(ランクLv),
-,ソラリス,狂戦士,通常,3,メジャー,<RC>,5,自動成功,単体,視界,80%,対象が次に行うメジャーアクションの判定クリティカル値-1(下限6) 判定ダイス+[Lv*2]個,
-,ソラリス,さらなる力,通常,1,メジャー,<RC>,5,20,単体,至近,80%,行動済の対象に使用、対象は未行動になる 対象は変更されない 1ラウンド1回,
新規,ソラリス,力の霊水,通常,3,オート,-,4,自動成功,単体,視界,80%,対象が行うダメージロールの直前に行う。そのダメージを+(Lv)Dする。自身対象不可。1ラウンド1回まで。,
改定,ソラリス,オーバードーズ,通常,3,メジャー/リアク,シンドローム,4,-,-,-,100%,このエフェクトを組み合わせた判定では、組み合わせたエフェクト全てのLv+2 Lv上限を超える 使用回数増加無 1シナリオLv回,
旧,ソラリス,オーバードーズ,通常,1,メジャー/リアク,シンドローム,4,-,-,-,100%,このエフェクトを組み合わせた判定では、組み合わせたエフェクト全てのLv+2 Lv上限を超える 使用回数増加無 1シナリオ1回,
-,ソラリス,奇跡の雫,通常,3,オート,-,6,自動成功,単体,視界,100%,対象が戦闘不能になった際に使用 対象の戦闘不能を回復、HPを[Lv*5]まで回復 自身対象不可 1シナリオ1回,
新規,ソラリス,キリングパフューム,通常,1,メジャー,シンドローム,4,対決,-,-,100%,このエフェクトを組み合わせた攻撃に対して、対象はリアクションを行えない。また、この攻撃に対してカバーリングを行った場合、ガードを行ったものとしてダメージを算出できない。1シナリオ1回,
-,ソラリス,アクアウィターエ,通常,3,オート,-,10,自動成功,単体,視界,120%,重圧時も使用可能 対象の戦闘不能時に使用 戦闘不能回復、HPを[Lv*10]まで回復 1シナリオ1回,
-,ソラリス,堕ちる絶望,通常,5,メジャー,<RC>,4D10,対決,単体,視界,120%,対象の意志と対決、勝利時、対象がオーヴァードの場合は衝動判定が発生 難易度[Lv*3] 非オーヴァードの場合はオーヴァード覚醒可能性有,
新規,ソラリス,捧げる生命,通常,5,イニシアチブ,-,4D10,自動成功,単体,視界,120%,他エフェクトと組み合わせ不可。対象のHPを[Lv*10]点回復。使用後、自身のHPは0になる。1シナリオ1回まで。,
-,ソラリス,帰還の声,通常,1,オート,-,6,自動成功,単体,視界,ピュアブリード,いつでも使用可能 対象の取得しているエフェクトの内、使用回数制限のあるエフェクトの回数を1回復 1シナリオ1回,
-,ソラリス,女王の降臨,通常,3,セットアップ,-,5,自動成功,自身,至近,ピュアブリード,自身の取得しているソラリスのエフェクト「タイミング:メジャーアクション」かつ「難易度:自動成功」をひとつ使用 1シナリオLv回,
新規,ソラリス,アウトブレイク,通常,1,メジャー,シンドローム,6,-,シーン(選択),視界,リミット,前提条件:《ポイズンフォッグ》 《ポイズンフォッグ》と組み合わせて使用。《ポイズンフォッグ》の効果を「組み合わせたエフェクトの射程を視界、対象をシーン(選択)に変更する」に書き換える。1シナリオ1回。,
新規,ソラリス,神の御言葉,通常,5,メジャー,<交渉>,4,対決,-,-,リミット,前提条件:《絶対の恐怖》 《絶対の恐怖》と組み合わせて使用。組み合わせた攻撃の攻撃力を+[Lv*5]。1シナリオ3回。,
新規,ソラリス,ソーマの雫,通常,3,メジャー,<RC>,3,自動成功,-,-,リミット,前提条件:《癒しの水》 《癒しの水》と組み合わせて使用。組み合わせた《癒しの水》の効果では、さらにHPを[Lv*5]点回復。自身対象不可。,
,ソラリス,,イージー,,,,,,,,,,
,ソラリス,,イージー,,,,,,,,,,
,ソラリス,,イージー,,,,,,,,,,
,ソラリス,,イージー,,,,,,,,,,
,ソラリス,,イージー,,,,,,,,,,
,ソラリス,,イージー,,,,,,,,,,
,ソラリス,,イージー,,,,,,,,,,
,ソラリス,,イージー,,,,,,,,,,
-,バロール,暗黒の槍,通常,3,メジャー,シンドローム,3,対決,-,-,-,組み合わせた攻撃で装甲無視。HP５消費。1シナリオLV回。,
-,バロール,暗黒螺旋,通常,5,リアク,‐,3,自動成功,自身,至近,-,あなたが白兵攻撃に対するガードを行うときに使用。攻撃してきた相手にLV×5点のダメージ。1ラウンド1回。,
-,バロール,イベントホライゾン,通常,3,セットアップ,-,3,自動成功,範囲,至近,-,そのラウンド中、対象が行うリアクションのダイスを[LV×2]個減少。自身は対象にできない。,
-,バロール,因果歪曲,通常,3,メジャー,シンドローム,3,-,範囲（選択）,-,-,組み合わせたエフェクトの対象を「範囲（選択）」に変更する。ただし、同エンゲージ内の相手を対象にできなくなる。1シナリオLv回まで,
改定,バロール,インビジブルハンド,通常,10,メジャー,<RC>,4,対決,範囲（選択）,視界,-,射撃攻撃。攻撃力＋[LV]点、相手に1点でもダメージを与えた場合、対象の飛行状態を解除する。1ラウンド1回まで,
旧,バロール,インビジブルハンド,通常,10,メジャー,<RC>,3,対決,範囲（選択）,視界,-,射撃攻撃。攻撃力＋[LV]点、相手に1点でもダメージを与えた場合、対象の飛行状態を解除する。組み合わせた判定のダイス-3個。1ラウンド1回まで,
-,バロール,巨神の斧,通常,3,メジャー,<白兵><射撃>,3,対決,-,武器,-,組み合わせた攻撃の攻撃力＋[LV×３]、ダイス-2個。,
-,バロール,虚無の城壁,通常,3,セットアップ,-,2,自動成功,自身,至近,-,そのラウンド中、ガード値を+[LV×３]する。,
-,バロール,空間圧縮,通常,3,セットアップ,-,2,自動成功,単体,視界,-,対象は戦闘移動を行う。移動先は対象が決定し、拒否も可能。1シナリオLV回。,
-,バロール,グラビティガード,通常,3,オート,-,3,自動成功,自身,至近,-,あなたがガードを行うときに使用。ガード値を+[(LV)D10]する。,
-,バロール,グラビティルート,通常,1,オート,-,4,自動成功,自身,至近,-,あなたが移動させられる場合に使用。その移動を打ち消し、「硬直」を受ける。,
-,バロール,黒の鉄槌,通常,5,メジャー,<RC>,1,対決,単体,視界,-,射撃攻撃。攻撃力+[LV×2+2]。エンゲージしている相手は対象にできない。,
-,バロール,虚空の陥穽,通常,3,メジャー,<RC>,2,対決,単体,視界,-,射撃攻撃。命中した場合、対象を自分のエンゲージに移動させる。1シナリオLV回。,
-,バロール,孤独の魔眼,通常,3,オート,-,4,自動成功,効果参照,視界,-,あなたを対象に含む、「対象：範囲」/「対象：範囲（選択）」の攻撃の判定が行われる直前に使用。その対象をあなた一人に変更する。この攻撃であなたはカバーリングの対象にならない。1シナリオLV回。,
改定,バロール,漆黒の拳,通常,5,メジャー,<白兵>,3,対決,単体,武器,-,素手による白兵攻撃。攻撃力+[LV]し、対象の装甲を無視する。,
旧,バロール,漆黒の拳,通常,10,メジャー,<白兵>,3,対決,単体,武器,-,素手による白兵攻撃。攻撃力+[LV]し、対象の装甲を無視する。,
改定,バロール,死神の瞳,通常,5,メジャー,<RC>,3,対決,単体,視界,-,射撃攻撃。命中した場合、対象が次に受けるダメージを+[LV+2]Dする。この効果は一度適用されるか、シーンが終了するまで継続する。組み合わせた攻撃でダメージを与えることはできない。,
旧,バロール,死神の瞳,通常,5,メジャー,<RC>,3,対決,単体,視界,-,射撃攻撃。命中した場合、対象が次に受けるダメージを+[LV+1]Dする。この効果は一度適用されるか、シーンが終了するまで継続する。組み合わせた攻撃でダメージを与えることはできない。,
-,バロール,重力の足枷,通常,5,メジャー,<射撃>,4,対決,単体,武器,-,組み合わせた攻撃でダメージを与えた場合、ラウンド中、対象の戦闘移動が-[LV×2]mされる（最低0）。全力移動には影響しない。,
-,バロール,重力の手枷,通常,3,メジャー,<白兵>,4,対決,単体,武器,-,組み合わせた攻撃が命中した場合、シーン中、対象の全てのダイスが-2個される。複数回命中すれば重複する。1シナリオLV回。,
-,バロール,重力の沼,通常,3,マイナー,-,3,自動成功,自身,至近,-,そのメインプロセス中、あなたのメジャーアクションに対するリアクションのC値は+1される。この効果は同エンゲージ内の対象にのみ有効。1シナリオLV回。,
-,バロール,瞬速の刃,通常,3,メジャー,<白兵><射撃>,3,対決,-,武器,-,組み合わせた判定のダイスを+[Lv+1]個,
-,バロール,赤方偏移世界,通常,5,セットアップ,-,2,自動成功,単体,視界,-,ラウンド中、対象の行動値を＋[LV×2]、戦闘移動を+10m。全力移動もあわせて増加する。,
-,バロール,斥力障壁,通常,5,オート,-,2,自動成功,単体,視界,-,対象にダメージが適用される直前に使用。そのダメージを-[1D+LV*３]する。1ラウンド1回。,
-,バロール,斥力跳躍,通常,5,マイナー,-,1,自動成功,自身,至近,-,飛行状態で戦闘移動する。距離に+[LV*2]m。,
-,バロール,斥力の槌,通常,5,メジャー,シンドローム,2,対決,単体,視界,-,組み合わせた攻撃で1点でもダメージを与えた場合、対象を[LV×2]m移動させる。方向はあなたが決定する。,
-,バロール,斥力の矢,通常,5,マイナー,-,2,自動成功,自身,至近,-,武器作成。 種別：射撃 技能：<射撃> 命中：-1 攻撃力：+[Lv*2] ガード：- 射程：視界,
-,バロール,セットバック,通常,5,オート,-,2,自動成功,自身,至近,-,バッドステータスを受けた直後に使用。自身の受けている暴走以外のバッドステータスをLv個回復する。重圧を受けていても使用できる。,
-,バロール,ダークマター,通常,3,マイナー,-,2,自動成功,自身,至近,-,そのメインプロセス中、バロールの判定ダイスを+[LV]個,
新規,バロール,盾なる力場,通常,5,マイナー,-,5,自動成功,自身,至近,-,シーン中、武器を作成し装備する。この武器を使用した攻撃かガードを行った場合、自身は3点のHPを失う。種別:白兵 技能:<白兵> 命中:-2 攻撃力:+5 ガード値:[Lv*2]+5 射程:至近。,
-,バロール,小さき魔眼,通常,5,セットアップ,-,3,自動成功,自身,至近,-,ラウンド中、自身が行うバロールのエフェクトを組み合わせた攻撃のダメージ+[Lv*2]。,
改定,バロール,停滞空間,通常,3,メジャー,シンドローム,5,対決,単体,視界,-,組み合わせた攻撃が命中した場合、シーンの間、対象の行動値を0にする。対象はこの効果をマイナーアクションで解除できる。ただし、組み合わせた攻撃でダメージを与えることはできない。1シナリオLV回。,
旧,バロール,停滞空間,通常,3,メジャー,シンドローム,2,対決,単体,視界,-,組み合わせた攻撃が命中した場合、シーンの間、対象の行動値を0にする。対象はこの効果をマイナーアクションで解除できる。ただし、組み合わせた攻撃でダメージを与えることはできない。1シナリオLV回。,
-,バロール,灰色の庭,通常,3,セットアップ,-,2,-,単体,視界,-,そのラウンド中、対象の行動値を-[LV×3]する,
-,バロール,魔王の腕,通常,1,メジャー,シンドローム,2,対決,-,-,-,組み合わせた攻撃が命中した場合、硬直を与える。,
-,バロール,魔王の理,通常,5,メジャー,シンドローム,2,対決,-,-,-,組み合わせた攻撃の攻撃力を+[LV×2],
新規,バロール,魔王の覇気,通常,5,メジャー,<RC>,2,対決,単体,視界,-,射撃攻撃。命中した場合、対象が次に行う攻撃の攻撃力-[Lv*2]。この効果はシーンが終了するか、対象が攻撃を行うまで持続する。,
新規,バロール,魔眼槍,通常,5,マイナー,-,5,自動成功,自身,至近,-,シーン中、武器を作成し装備する。この武器で1点でもHPダメージを与えた場合、対象にバッドステータスの硬直を与える。種別:白兵 技能:<白兵> 命中:-4 攻撃力:+[Lv+7] ガード値:5 射程:至近。,
-,バロール,魔人の盾,通常,3,オート,-,4,自動成功,自身,至近,-,あなたがガードを行うときに使用。ガード値を＋[LV×10]する。1シーン1回。,
-,バロール,魔弾の射手,通常,3,メジャー,<射撃>,4,対決,単体,視界,-,あなたの所持している「種別：白兵」の武器２つを選択する。それらの武器の命中と攻撃力を合計して射撃攻撃を行う。選択した武器はメインプロセス終了時に破壊される。1シナリオLV回。,
改定,バロール,冥界の檻,通常,3,セットアップ,-,5,自動成功,範囲,至近,-,対象にバッドステータスの硬直を与える。この硬直は、あなたが戦闘移動、全力移動、離脱のいずれかを行った場合にも回復する。自身対象不可。1シナリオLv回まで。,
旧,バロール,冥界の檻,通常,5,セットアップ,-,5,対決,単体,視界,-,対象にバッドステータスの硬直を与える。この硬直は、あなたが戦闘移動、全力移動、離脱のいずれかを行った場合にも回復する。判定のダイスを+Lv個。カバーリングされない。1シーン1回まで。,
新規,バロール,悪魔の影,通常,1,メジャー,<RC>,5,対決,単体,視界,80%,射撃攻撃。命中した場合、対象が次に受ける攻撃に対しリアクションを行えない。組み合わせた攻撃でダメージを与えることはできない。,
-,バロール,時間凍結,通常,1,イニシアチブ,-,5,自動成功,自身,至近,80%,イニシアチブプロセスでメインプロセスを行う。このメインプロセスは行動済みでも行え、行っても行動済みにならない。ただし、このメインプロセスの後にHP20点を失う。1シナリオ1回。このエフェクトは組み合わせ出来ない。,
新規,バロール,覇王幻魔眼,通常,3,メジャー,<RC>,5,対決,単体,-,80%,「攻撃力:+Lv*5」の射撃攻撃。同一エンゲージのキャラクター対象不可。1シーン1回まで。,
-,バロール,時の棺,通常,1,オート,-,10,自動成功,単体,視界,100%,相手が判定を行う直前に使用。その判定を失敗にする。「難易度：自動成功」などの判定を伴わない行動には使えない。1シナリオ1回。,
新規,バロール,魔王の時間,通常,1,セットアップ,-,8,自動成功,自身,至近,100%,ラウンド中、自身は1ラウンド1回までのバロールのエフェクトすべてを、1ラウンド2回使用できる。1シナリオ1回まで。,
-,バロール,魔神の心臓,通常,3,メジャー,シンドローム,4,対決,-,-,100%,このエフェクトを組み合わせた攻撃が命中した場合、そのラウンドの間、対象が行う判定のダイスを-[Lv*3]個。この効果は対象がマイナーアクションを使用して解除できる。,
-,バロール,黒星招来,通常,1,オート,‐,4D10,自動成功,自身,至近,120%,自身にダメージが適用される直前に使用。ダメージを0にする。1シナリオ1回。,
-,バロール,黒星粉砕,通常,5,メジャー,-,4D10,自動成功,範囲(選択),視界,120%,他のエフェクトと組み合わせ不可。対象に[Lv+5]D点のHPダメージ。命中判定なし。リアクション不可。1シナリオ1回まで。,
新規,バロール,ワームホール,通常,1,オート,-,4D10,自動成功,単体,視界,120%,自身にHPダメージを適用した直後に使用。対象は自身が受けたHPダメージと同じダメージ(最大で自身の最大HPまで)を受ける。カバーリング時には使用不可。1シナリオ1回まで。,
-,バロール,黒星の門,通常,3,メジャー,シンドローム,2,-,-,-,ピュアブリード,組み合わせた場合、「同じエンゲージにいるキャラクターを対象にできない」エフェクトを同じエンゲージに対して使用可。判定のダイス+[Lv+1]個。,
-,バロール,コズミックインフレーション,通常,3,セットアップ,-,2,-,範囲(選択),-,ピュアブリード,組み合わせたエフェクトの対象を範囲(選択)に変更する。1シナリオLv回まで。,
新規,バロール,縮退機関,通常,5,マイナー,-,2,自動成功,自身,至近,リミット,「漆黒の拳」前提。[LV×２]点までのHPを消費する。そのメインプロセス中、白兵攻撃の攻撃力を+[消費HP×２]する。,
新規,バロール,特異点定理,通常,3,オート,-,4,自動成功,自身,至近,リミット,「孤独の魔眼」前提。「孤独の魔眼」使用の直前に使用。そのメインプロセス中、ガード値を＋[LV]Dする。1シナリオLV回。,
新規,バロール,果てなき先駆,通常,3,セットアップ,-,3,自動成功,単体,視界,リミット,「赤方偏移世界」前提。「赤方偏移世界」と組み合わせて使用。上昇する行動値を+5する。1シナリオLV回。,
-,バロール,吸着,イージー,1,常時,-,-,自動成功,自身,至近,-,重力方向を操作し、手に持っているすべての物体を“落ちない”ように するエフェクト。たとえ宙に逆さになっても、手にしたシャンパングラスの酒はこぼれない。また、自分の髪の毛や服の裾を任意の方向になびかせることができる。戦闘中にこのエフエクトは効果 を持たない。,
新規,バロール,屑鉄の橋,イージー,1,メジャー,-,-,自動成功,効果参照,視界,-,重力を操り、スクラップやガラクタなどを集め、大きな足場を構築する エフエクト。これによって短時間で大人数が利用できる橋をかけたり、なにもない空中で作業するための足場を作ることができる。ただし、維持には精神の集中が必要なため、GMは戦闘中などの緊迫した場面では使用を禁止してもよい。 ,
-,バロール,帝王の時間,イージー,1,メジャー,-,-,自動成功,自身,至近,-,周囲の時間流を操作し、他者よりもゆっくりと流れる時間の中で誰にも邪魔されずじっくりと調べ物や読書、趣味の時間を過ごすエフエクト。緊張状態では使用できないため、戦闘中や 緊迫した作業の場面では使用できない。 ,
-,バロール,ディメンジョンゲート,イージー,1,メジャー,-,3,自動成功,効果参照,至近,-,空間をねじ曲げて遠く離れた自分が知っている場所に繋がるゲートを作り出すエフェクト。ゲートはドアの ような形にして固定しておくことも可能であり、他のキャラクターも利用できる。ただし、緊張状態では使用できないため、戦闘中や緊迫した状態でこのエフ ェクトを使用できない。GMはこのエフエクトの使用を禁止してもよい。,
-,バロール,刻の魔術師,イージー,1,メジャー,-,-,自動成功,効果参照,至近,-,物体の周囲を流れる時間流を操作することでその物体に長い年月を過ごさせるエフェクト。建物や壷などの物品を対象とする。建物をぼろぼろにしたり、美術品に古色を加えたり、乾物や高級酒の熟成を短時間で進ませるなどのことができる。ただし、生命体などの反発する意志を持つものには効果を持たない。,
-,バロール,偏差把握,イージー,1,メジャー,-,-,自動成功,シーン(選択),視界,-,重力の偏差を把握することで、周囲の物体の位置やその移動ベクトルを知覚するエフェクト。あなたは自身の 周りにあるすべてのものがどこにあって、どう動くのかを認識できる。もしこの能力で隠れている者を見つける場合は、〈意志〉による判定を行なうこと。,
-,バロール,ポケットディメンジョン,イージー,1,メジャー,-,-,自動成功,効果参照,至近,-,空間をねじ曲げてあり得ないはずの空間を作り出すエフェクト。これ によって2階と3階の間にもうひとつ階を作ったり、押し入れの中に体育館並みのレクリエーションルームを作ることもできる。もしこの能力で隠れている者を見つける場合は、〈知覚〉による 判定を行なうこと。,
-,バロール,魔王の玉座,イージー,1,常時,-,-,自動成功,自身,至近,-,重力を操作し、常に空中を浮揚して行動していることを表わすエフェクト。重力に縛られることなく、常にゆったりと行動するその様は魔王のごとしである。ただし、急速な動きはできないため、戦闘中にこのエフェクトの効果で空を飛んでいることはできない。,
新規,ウロボロス,アスクレピオスの杖,通常,5,メジャー,<RC>,2,自動成功,単体,至近,-,対象のＨＰを、［（ＬＶ）Ｄ＋対象の侵蝕率÷１０（端数切捨て）］点回復する。,
新規,ウロボロス,生贄の蛇,通常,5,オート,-,3,自動成功,単体,視界,-,対象が行う「対象：単体」の攻撃の判定が行われた直後に使用する。その攻撃の対象をあなたに変更する。 ただし、その攻撃があなたを対象にできない場合は効果がない。このエフェクトは１シナリオにＬＶ回まで使用でき、使用するとあなたはバッドステータスの重圧を受ける。,
新規,ウロボロス,飢えし影,通常,10,メジャー,<RC>,1,対決,-,視界,-,「攻撃力:[Lv+2]」の射撃攻撃を行う。,
新規,ウロボロス,雲散霧消,通常,5,オート,-,4,自動成功,範囲(選択),至近,-,"対象にＨＰダメージが適用される直前に使用する。対象が受ける（予定の）ＨＰダメージを－［ＬＶ×５］点する。
ただし、そのダメージがエフェクトによるものでない場合、このエフェクトは使用できない。このエフェクトは１ラウンドに１回まで使用できる。",
新規,ウロボロス,円環螺旋,通常,3,オート,-,2,自動成功,自身,至近,-,あなたがオーヴァードに１点でもＨＰダメージを与えた際に使用する。そのシーンの間、あなたの装甲値を＋［ＬＶ×３］する。このエフェクトは１シーンに１回まで使用できる。,
新規,ウロボロス,影絵の兵士,通常,3,メジャー,シンドローム,2,対決,-,視界,-,《無形の影》と組み合わせて使用する。このエフェクトを組み合わせた攻撃の射程を視界に変更する。このエフェクトは1シーンにLv回まで使用できる。,
新規,ウロボロス,影縛りの魔弾,通常,5,メジャー,<射撃>,2,対決,-,武器,-,このエフェクトを組み合わせた射撃攻撃が命中した場合、そのラウンドの間、対象が行うガードのガード値を-[Lv*3]する。,
新規,ウロボロス,影の武具,通常,効果参照,効果参照,効果参照,効果参照,効果参照,効果参照,効果参照,-,"あなたは「武器を作成し、装備する」か「防具を作成し、装備する」と書かれた「制限：－」のエフェクトひとつを選択し、取得する。
ただし、その効果で作成したものが武器なら攻撃力とガード値を－１（最低０）、防具なら装甲値を－２（最低０）する。注釈も参考すること。",
新規,ウロボロス,影の守り手,通常,5,オート,-,2,自動成功,自身,至近,-,あなたがガードを行う際に宣言する。このガードの間、あなたのガード値を+[Lv*3]する。ただし、そのダメージがエフェクトによるものではない場合、このエフェクトは使用できない。,
新規,ウロボロス,喰らわれし贄,通常,3,オート,-,1,自動成功,自身,至近,-,あなたがオーヴァードに１点でもＨＰダメージを与えた際に使用する。そのシーンの間、あなたが行うウロボロスのエフェクトを組み合わせた攻撃の攻撃力を＋［ＬＶ×３］する。このエフェクトは１シーンに１回まで使用できる。,
新規,ウロボロス,原初の青,通常,効果参照,効果参照,効果参照,効果参照,効果参照,効果参照,効果参照,-,"あなたは「タイミング：マイナーアクション」のエフェクトひとつを選択し、取得する。取得したエフェクトの侵蝕値は＋１される。
ただし、「制限：－」以外のエフェクト、およびエネミーエフェクトは取得できず、使用回収制限のあるエフェクトを取得した場合、侵蝕率基本値を＋３する。注釈も参考すること。",
新規,ウロボロス,原初の赤,通常,効果参照,効果参照,効果参照,効果参照,効果参照,効果参照,効果参照,-,"あなたは「タイミング：メジャーアクション」のエフェクトひとつを選択し、取得する。取得したエフェクトの侵蝕値は＋１される。
ただし、「制限：－」以外のエフェクト、およびエネミーエフェクトは取得できず、使用回収制限のあるエフェクトを取得した場合、侵蝕率基本値を＋３する。注釈も参考すること。",
新規,ウロボロス,原初の黄,通常,効果参照,効果参照,効果参照,効果参照,効果参照,効果参照,効果参照,-,"あなたは「タイミング：セットアッププロセス」か「タイミング：クリンナッププロセス」のエフェクトひとつを選択し、取得する。
ただし、「制限：－」以外のエフェクト、およびエネミーエフェクトは取得できず、このエフェクトを取得した場合、侵蝕率基本値を＋３する。注釈も参考すること。",
新規,ウロボロス,原初の緑,通常,効果参照,効果参照,効果参照,効果参照,効果参照,効果参照,効果参照,-,"あなたは「タイミング：リアクション」のエフェクトひとつを選択し、取得する。取得したエフェクトの侵蝕値は＋１される。
ただし、「制限：－」以外のエフェクト、およびエネミーエフェクトは取得できず、使用回収制限のあるエフェクトを取得した場合、侵蝕率基本値を＋３する。注釈も参考すること。",
新規,ウロボロス,原初の紫,通常,効果参照,効果参照,効果参照,効果参照,効果参照,効果参照,効果参照,-,"あなたは「タイミング：オートアクション」か「タイミング：イニシアチブプロセス」のエフェクトひとつを選択し、取得する。取得したエフェクトの侵蝕値は＋１される。
ただし、「制限：－」以外のエフェクト、およびエネミーエフェクトは取得できず、このエフェクトを取得した場合、侵蝕率基本値を＋４する。注釈も参考すること。",
新規,ウロボロス,幻想の色彩,通常,5,効果参照,シンドローム,4,-,-,-,,《原初の●》で取得したエフェクトと組み合わせて使用する。このエフェクトを組み合わせたエフェクトの射程を視界に変更する。このエフェクトは１シナリオにＬＶ回まで使用できる。,
新規,ウロボロス,混色の氾濫,通常,3,メジャー,シンドローム,2,-,範囲(選択),-,-,《原初の●》で取得した「対象：自身」以外のエフェクトと組み合わせて使用する。このエフェクトを組み合わせたエフェクトの対象を範囲（選択）に変更する。このエフェクトは１シナリオにＬＶ回まで使用できる。,
新規,ウロボロス,混沌なる主,通常,3,効果参照,シンドローム,2,-,-,-,-,《原初の●》で取得したエフェクトと組み合わせて使用する。このエフェクトを組み合わせた判定の達成値を＋［ＬＶ×２］する。このエフェクトは１シーンに３回まで使用できる。,
新規,ウロボロス,再生の王錫,通常,3,オート,-,3,自動成功,自身,至近,-,対象が《リザレクト》を使用した直後に使用する。対象のＨＰを＋［ＬＶ＋１］Ｄ点回復する。この回復量は《リザレクト》で上昇する侵蝕値には関係ないことに注意。,
新規,ウロボロス,散滅の腕,通常,3,メジャー,<RC>,5,対決,単体,至近,-,射撃攻撃を行う。命中すると、対象が受けている「タイミング：常時」以外のエフェクトの効果全てを解除する。このエフェクトは１シナリオにＬＶ回まで使用できる。このエフェクトはエネミーエフェクトに効果を発揮しない。,
新規,ウロボロス,シャドースクラッチ,通常,5,メジャー,<白兵><RC>,2,対決,-,-,-,このエフェクトを組み合わせた攻撃の攻撃力を+Lvする。《無形の影》を組み合わせている場合、攻撃力を+Lvではなく+[Lv*2]する。,
新規,ウロボロス,浄玻璃の鑑,通常,1,リアク,<RC>,2,対決,自身,至近,-,このエフェクトを組み合わせた判定で、あなたはドッジを行える。,
新規,ウロボロス,千変万化の影,通常,5,マイナー,-,2,自動成功,-,至近,-,使用時に、あなたが取得している技能ひとつを選択する。そのシーンの間、選択した技能のレベルを＋［ＬＶ＋１］する。このエフェクトは１シナリオに３回まで使用できる。,
新規,ウロボロス,背教者殺し,通常,5,メジャー,<白兵><RC>,3,対決,-,-,-,このエフェクトはオーヴァード以外には効果を適用しない。このエフェクトを組み合わせた攻撃で１点でもダメージを与えた場合、そのラウンドの間、対象が行うあらゆる判定のダイスを－［ＬＶ＋１］個する。,
新規,ウロボロス,背徳の理,通常,3,オート,-,3,自動成功,自身,至近,-,あなたがオーヴァードに１点でもＨＰダメージを与えた際に使用する。そのシーンの間、あなたが行うウロボロスのエフェクトを組み合わせた判定のダイスを＋［ＬＶ×２］個する。,
新規,ウロボロス,破壊の渦動,通常,3,オート,-,5,自動成功,自身,至近,-,あなたがオーヴァードに１点でもＨＰダメージを与えた際に使用する。そのシーンの間、あなたが行う攻撃は、対象の装甲値を無視してダメージを算出する。このエフェクトは１シナリオにＬＶ回まで使用できる。,
新規,ウロボロス,張子の戦道具,通常,3,メジャー,<白兵><RC>,4,対決,-,至近,-,"このエフェクトを組み合わせた攻撃で、対象に１点でもＨＰダメージを与えた場合、対象が装備している「エフェクトで作成した武器と防具」を全て破壊し、素手のデータを元に戻す。
このエフェクトは１シナリオにＬＶ回まで使用できる。「タイミング：常時」の武器と防具には効果がない。",
新規,ウロボロス,万象の虹,通常,1,オート,-,6,自動成功,効果参照,視界,-,"いつでも使用できる。あなたの登場しているシーン内で使用されたエフェクトひとつを大将とする。あなたは対象のエフェクトを取得する。取得したエフェクトのＬＶは１となる。
なお、「制限：－」以外のエフェクト、およびエネミーエフェクトは取得できない。このエフェクトは１シナリオに１回まで使用できる。",
新規,ウロボロス,否定のひと触れ,通常,3,オート,-,3,自動成功,単体,至近,-,対象がカバーリングを行うエフェクトを使用した際に使用する。そのエフェクトの効果を打ち消す。対象はあらためて、エフェクトを使用せずカバーリングを行ってもよい。このエフェクトは１ラウンドにＬＶ回まで使用できる。,
新規,ウロボロス,無形の影,通常,1,メジャー,効果参照,4,-,-,-,-,あらゆる判定と組み合わせられる。このエフェクトを組み合わせた判定は【精神】で判定を行える。このエフェクトは１ラウンドに１回まで使用できる。,
新規,ウロボロス,無形の爪牙,通常,5,マイナー,-,3,自動成功,自身,至近,-,そのシーンの間、あなたの素手のデータを以下のように変更する。種別:白兵 技能:<白兵> 命中:0 攻撃力:+[Lv+2] ガード値:1 射程:至近,
新規,ウロボロス,貪る顎門,通常,5,メジャー,<RC>,3,対決,範囲(選択),視界,-,このエフェクトはオーヴァード以外には効果を適用しない。このエフェクトと組み合わせた射撃攻撃を行う。命中した場合、対象にバッドステータスの放心を与える。このエフェクトは１シーンにＬＶ回まで使用できる。,
新規,ウロボロス,螺旋の悪魔,通常,5,セットアップ,-,3,自動成功,自身,至近,-,即座にあなたはバッドステータスの暴走を受ける。そのラウンドに間、あなたが行うウロボロスのエフェクトを組み合わせた攻撃の攻撃力を＋[ＬＶ×３］する。,
新規,ウロボロス,ラピッドシフト,通常,3,セットアップ,-,2,自動成功,範囲(選択),視界,-,対象は即座にジェネシフトを行う。効果に同意する対象にしか使用できない。このエフェクトは１シナリオにＬＶ回まで使用できる。,
新規,ウロボロス,レックレスフォース,通常,3,常時,-,-,自動成功,自身,至近,-,"あなたがバッドステータスの暴走を受けている間、あなたが行うメジャーアクションを判定のダイスを＋ＬＶ個する。
このエフェクトは侵蝕率によるレベルアップの効果を受けない。このエフェクトを取得した場合、侵蝕率基本値を＋２する。
",
新規,ウロボロス,レネゲイドアブソーブ,通常,1,オート,-,3,自動成功,自身,至近,-,"エフェクトを使用した攻撃によってあなたが１点でもＨＰダメージを受けた直後に使用する。
あなたが取得している「あなたがオーヴァードに１点でもＨＰダメージを与えた際に使用する」と書かれたエフェクトひとつを使用できる。このエフェクトは１シーンに１回まで使用できる。",
新規,ウロボロス,レネゲイドディゾルバー,通常,3,オート,-,6,自動成功,単体,至近,-,"対象が「タイミング：オートアクション」のエフェクトを使用した直後に宣言する。対象が使用したエフェクトの効果を打ち消す。
エネミーエフェクト、および「制限：－」以外のエフェクトは打ち消せない。打ち消したエフェクトの達成値が必要な場合０となる。このエフェクトは１シナリオにＬＶ回まで使用できる。",
新規,ウロボロス,極光螺旋,通常,3,マイナー,-,効果参照,自動成功,自身,至近,-,あなたは５点までの任意の点数の侵蝕値を上昇させる。そのメインプロセスの間、あなたが行う攻撃の攻撃力を＋［上昇させた侵蝕値×ＬＶ］（最大２０）する。このエフェクトは１シーンに１回まで使用できる。,
新規,ウロボロス,原初の白,通常,効果参照,効果参照,効果参照,効果参照,効果参照,効果参照,効果参照,80%,"「タイミング：常時」およびエネミーエフェクト以外の「制限：－」か「制限：８０％」のエフェクトひとつを選択し、取得する。取得したエフェクトの侵蝕値は＋２される。
使用回数制限のあるエフェクトを取得した場合、侵蝕率基本値を＋３する。また、この効果で取得したエフェクトは「制限：８０％」となる。注釈も参考すること。",
新規,ウロボロス,暴食の神蛇,通常,3,メジャー,<白兵>,4,対決,-,武器,80%,"このエフェクトを組み合わせた白兵攻撃に対するリアクションにおいて、対象はエフェクトを使用できない。さらにエフェクトの効果で得た装甲値を無視してダメージを算出する。
ただし、この攻撃は素手によるものでなければならない。このエフェクトは１シナリオにＬＶ回まで使用できる。",
新規,ウロボロス,永劫進化,通常,1,セットアップ,-,3,自動成功,自身,至近,100%,"そのラウンドの間、《原初の●》で取得したエフェクトすべてのＬＶを＋１する。この時、ＬＶの上限を超えてもよい。
ただし、この効果でエフェクトの使用回数は増加しない。このエフェクトは１シナリオに１回まで使用できる。",
新規,ウロボロス,原初の黒,通常,効果参照,効果参照,効果参照,効果参照,効果参照,効果参照,効果参照,100%,"「タイミング：常時」およびエネミーエフェクト以外の「制限：－」か「制限：１００％」のエフェクトひとつを選択し、取得する。取得したエフェクトの侵蝕値は＋２される。
使用回数制限のあるエフェクトを取得した場合、侵蝕率基本値を＋３する。また、この効果で取得したエフェクトは「制限：１００％」となる。注釈も参考すること。",
新規,ウロボロス,背教者の王,通常,3,メジャー,<白兵><RC>,4,対決,-,-,100%,このエフェクトを組み合わせた攻撃の攻撃力を＋［あなたの侵蝕率÷１０（端数切捨て）］する。このエフェクトは１シナリオにＬＶ回まで使用できる。,
新規,ウロボロス,裏切りの真名,通常,5,イニシアチブ,-,4D10,自動成功,範囲(選択),至近,120%,"対象に［（ＬＶ＋１）Ｄ＋対象の侵蝕率÷１０（端数切捨て）］点のＨＰダメージを与える。このエフェクトに命中判定はなく、対象はリアクションを行うこともできない。
このエフェクトは１シナリオに１回まで使用でき、他のエフェクトと組み合わせて使用できない。",
新規,ウロボロス,虚無への回帰,通常,1,オート,-,4D10,自動成功,単体,至近,120%,対象にＨＰダメージを適用する直前に使用する。そのＨＰダメージを０にする。ただし、そのダメージがエフェクトによるものでない場合、このエフェクトは使用できるない。このエフェクトは１シナリオに１回まで使用できる。,
新規,ウロボロス,原初の虚,通常,効果参照,効果参照,効果参照,効果参照,効果参照,効果参照,効果参照,120%,"「タイミング：常時」およびエネミーエフェクト以外の「制限：－」か「制限：１２０％」のエフェクトひとつを選択し、取得する。取得したエフェクトの侵蝕値は＋２される。
使用回数制限のあるエフェクトを取得した場合、侵蝕率基本値を＋３する。また、この効果で取得したエフェクトは「制限：１２０％」となる。注釈も参考すること。",
新規,ウロボロス,統制者の王冠,通常,3,常時,-,-,自動成功,自身,至近,ピュアブリード,あなたがウロボロスのエフェクトで「侵蝕率基本値を＋●する」（●には数字が入る）の効果による侵蝕率基本値の上昇を－ＬＶ（最低０）する。このエフェクトは侵蝕率によるレベルアップの制限を受けない。,
新規,ウロボロス,果て無き円環,通常,1,常時,-,-,自動成功,自身,至近,ピュアブリード,"取得時に《原初の青》《原初の赤》《原初の黄》《原初の緑》《原初の紫》の中からひとつを選択すること。あなたは選択したエフェクトをふたつ重複して取得できる。
取得に必要な経験点は別途使用すること。このエフェクトは侵蝕率によるレベルアップの効果を受けない。このエフェクトを取得した場合、侵蝕率基本値が＋３される。",
新規,ウロボロス,灰燼に帰すもの,通常,3,メジャー,シンドローム,4,対決,-,-,リミット,前提条件:《喰らわれし贄》。《喰らわれし贄》の効果中のみ使用できる。このエフェクトを組み合わせた攻撃の攻撃力を+[Lv*5]する。ただし、メインプロセスの終了時に、あなたが受けている《喰らわれし贄》の効果を解除する。,
新規,ウロボロス,起源に断つもの,通常,3,メジャー,シンドローム,4,対決,-,-,リミット,前提条件:《背教者殺し》。《背教者殺し》と組み合わせて使用する。《背教者殺し》によって減少するダイスの数をさらに-3個する。このエフェクトは1シーンにLv回まで使用できる。,
新規,ウロボロス,世界を喰らうもの,通常,1,メジャー,シンドローム,5,-,シーン(選択),視界,リミット,前提条件:《混色の氾濫》。《混色の氾濫》と組み合わせて使用する。《混色の氾濫》の効果を「組み合わせたエフェクトの射程を視界、対象をシーン(選択)に変更する」に書き換えるただし、このエフェクトを使用すると、あなたは20点のHPを消費する。このエフェクトは1シナリオに1回まで使用できる。,
-,一般エフェクト,リザレクト,通常,3,オート,-,効果参照,自動成功,自身,至近,-,重圧を受けていても使用可。戦闘不能になったときか、シーンの終了時に使用。戦闘不能を回復し、HPを(Lv)D点回復する。回復したHPと同じだけ侵蝕率が上昇する。侵蝕率100%以上で使用できない。,
-,一般エフェクト,ワーディング,通常,1,オート,-,0,自動成功,シーン,視界,-,いつでも使用可能。シーンに登場している非オーヴァードをエキストラ化する。オーヴァードには使用されたことがわかる。シーン中持続。,
-,一般エフェクト,コンセントレイト,通常,3,メジャー,シンドローム,2,-,-,-,-,組み合わせた判定のクリティカル値を-Lv(下限7)。取得時に自身のシンドロームからひとつ選択。シンドロームごとに別エフェクトとして扱う。,
改定,一般エフェクト,アタックボーナス,通常,5,メジャー,効果参照,3,対決,-,-,-,あらゆる攻撃と組み合わせ可。組み合わせた攻撃の攻撃力を+[Lv*3]。1シーン1回まで。,
-,一般エフェクト,インティミデーション,通常,1,メジャー,<RC>,5,対決,単体,視界,-,トループのみを対象にできる。命中した場合、対象を戦闘不能にする。組み合わせた攻撃でHPダメージを与えられない。1シナリオ1回まで。,
-,一般エフェクト,ヴァイタルアップ,通常,1,セットアップ,-,効果参照,自動成功,自身,至近,-,自身のHPを+[現在の侵蝕率-100]する。HP上限を超えてもよい。増加したHPだけ侵蝕率が上昇。増加したHPはダメージで失われるか、シナリオ終了まで持続する。1シナリオ1回まで。,
新規,一般エフェクト,ウェポンフォーカス,通常,3,常時,-,-,自動成功,自身,至近,-,プリプレイで常備化している武器ひとつを指定。その武器を使用して行う命中判定の達成値を+Lv。侵蝕率によるレベルアップなし。侵蝕率基本値+3,
改定,一般エフェクト,ウェポンマスタリー,通常,3,常時,-,-,自動成功,自身,至近,-,プリプレイで常備化している武器ひとつを指定。その攻撃力を+[Lv+2]。侵蝕率によるレベルアップなし。侵蝕率基本値+2,
旧,一般エフェクト,ウェポンマスタリー,通常,3,常時,-,-,自動成功,自身,至近,-,プリプレイで常備化している武器ひとつを指定。その攻撃力を+Lv。侵蝕率によるレベルアップなし。侵蝕率基本値+2,
-,一般エフェクト,エンハンスアクション,通常,3,メジャー,効果参照,-,-,-,-,-,あらゆる判定と組み合わせられる。組み合わせた判定のダイスを+[Lv*2]個する。このエフェクトは１シナリオに１回まで使用できる。,
-,一般エフェクト,カームダウン,通常,3,セットアップ,-,3,自動成功,シーン,視界,-,他エフェクトと組み合わせ不可。そのラウンドの間、シーンに登場しているオーヴァード（含むジャーム）のキャラクターが行う、あらゆる判定のダイスを-[Lv*2]個する。,
-,一般エフェクト,カバーディフェンス,通常,3,オート,-,2,自動成功,自身,至近,-,ダメージロールの直前に宣言、カバーリングを行う 行動済にならず、行動済でも使える 1メインプロセス1回。1シナリオLv回。,
-,一般エフェクト,クイックダッシュ,通常,3,セットアップ,-,4,自動成功,自身,至近,-,戦闘移動を行う。1シナリオにLv回まで,
改定,一般エフェクト,ショックアブソーブ,通常,10,オート,-,3,自動成功,自身,至近,-,自身にHPダメージ適用直前に使用。受ける予定のダメージ-[Lv*5]点。1シナリオにLv回まで。,
旧,一般エフェクト,ショックアブソーブ,通常,10,オート,-,7,自動成功,自身,至近,-,自身にHPダメージ適用直前に使用。受ける予定のダメージ-[Lv*5]点。1シナリオにLv回まで。,
新規,一般エフェクト,スーパーランナー,通常,5,マイナー,-,1,自動成功,自身,至近,-,あなたは戦闘移動を行う。この時、移動距離を+[Lv*5]mする。このエフェクトは1シーンに1回まで使用できる。,
-,一般エフェクト,スピードアップ,通常,10,常時,-,-,自動成功,自身,至近,-,行動値+Lv。侵蝕率によるレベルアップの効果を受けない,
-,一般エフェクト,ソルジャーコネクト,通常,1,セットアップ,-,4,自動成功,シーン(選択),視界,-,トループのみを対象とする。そのラウンドの間、対象の【行動値】はあなたと同じ値となる。対象はこの効果を拒否可能。,
-,一般エフェクト,ハイパータフネス,通常,10,常時,-,-,自動成功,自身,至近,-,最大HP+[Lv*3]。侵蝕率によるレベルアップの効果を受けない,
新規,一般エフェクト,ハイリザレクト,通常,10,常時,-,-,自動成功,自身,至近,-,あなたが《リザレクト》で回復するHPを+[Lv*2]点する。このエフェクトは侵蝕率でレベルアップしない。このエフェクトを取得した場合、侵蝕率基本値を+2する。,
-,一般エフェクト,パワーカバー,通常,10,オート,-,1,自動成功,自身,至近,-,ガードを行う時、ガード値を+Lv。,
新規,一般エフェクト,ヒーリングウィルス,通常,10,クリンナップ,-,1,自動成功,範囲(選択),至近,-,対象のHPをLv点回復する。戦闘中ではない場合、このエフェクトは1シーンに1回まで使用できる。,
-,一般エフェクト,フィジカルエンハンス,通常,3,メジャー/リアク,【肉体】【感覚】,3,-,-,-,-,組み合わせた判定のクリティカル値を-1(下限9)。1シナリオにLv回まで。,
-,一般エフェクト,フルディフェンス,通常,5,セットアップ,-,4,自動成功,自身,至近,-,そのラウンドの間、自身が行うリアクションとオートアクションの判定ダイス+[Lv*2]。行動済みになる。,
-,一般エフェクト,マインドエンハンス,通常,3,メジャー/リアク,【精神】【社会】,3,-,-,-,-,組み合わせた判定のクリティカル値を-1(下限9)。1シナリオにLv回まで。,
新規,一般エフェクト,マルチアクション,通常,3,マイナー,-,3,自動成功,自身,至近,-,あなたはマイナーアクションで行う、エフェクト以外の行動をひとつ行う。このエフェクトは1シナリオにLv回まで使用できる。,
改定,一般エフェクト,リサーチマスター,通常,3,メジャー,<情報：>,1,-,自身,至近,-,組み合わせた情報収集判定のダイス+Lv個。1シナリオ3回まで。,
旧,一般エフェクト,リサーチマスター,通常,3,メジャー,<情報：>,3,-,自身,至近,-,組み合わせた情報収集判定のダイス+Lv個。1シナリオ3回まで。,
-,一般エフェクト,リトルハッピネス,通常,3,メジャー,<調達>,3,-,自身,至近,-,組み合わせた購入判定のダイス+[Lv+1]個。1シナリオ3回まで。,
-,一般エフェクト,リフレックス,通常,3,リアク,シンドローム,2,-,自身,至近,-,組み合わせた判定のクリティカル値を-Lv(下限7)。取得時に自身のシンドロームからひとつ選択。シンドロームごとに別エフェクトとして扱う。,
-,一般エフェクト,リフレッシュ,通常,5,オート,-,5,自動成功,自身,至近,-,いつでも使用可能。重圧時も使用可能。暴走以外のバッドステータスをLv個回復する。1シナリオ1回まで。,
-,一般エフェクト,リミテッドイモータル,通常,5,マイナー,-,2,自動成功,自身,至近,-,自身のHPを[Lv*2]点回復。,
-,一般エフェクト,レストレインコマンド,通常,3,マイナー,-,4,-,自身,至近,-,暴走を含むバッドステータスを3個まで回復。1シーンLv回まで。,
新規,一般エフェクト,明鏡止水,通常,1,オート,-,5,自動成功,自身,至近,100%,あなたが何らかの判定を行う際に使用する。その判定では、あなたが受けているダイスを減少させる効果を受けない。このエフェクトは1シナリオに1回まで使用できる。,
新規,一般エフェクト,朧の旋風,通常,1,オート,-,10,自動成功,自身,至近,100%,あなたがドッジに成功した直後に使用する。あなたはメインプロセスを行う。このメインプロセスは、行動済みでも行うことができ、行っても行動済みにならない。ただし、そのメインプロセスの終了後、あなたは10点のHPを消費する。このエフェクトは1シナリオに1回まで使用できる。,
-,一般エフェクト,パーフェクトサクセス,通常,3,メジャー/リアク,効果参照,4D10,-,-,-,120%,あらゆる判定に組み合わせ可。組み合わせた判定のクリティカル値-Lv(下限7)。1シナリオ1回。,
新規,一般エフェクト,異形の痕,イージー,,,,,,,,,,
新規,一般エフェクト,シークレットトーク,イージー,,,,,,,,,,
新規,一般エフェクト,超越者の眼力,イージー,,,,,,,,,,
新規,一般エフェクト,超越的能力,イージー,,,,,,,,,,
新規,一般エフェクト,超人的代謝,イージー,,,,,,,,,,
新規,一般エフェクト,変貌の果て,イージー,,,,,,,,,,
新規,一般エフェクト,マーキング,イージー,,,,,,,,,,
新規,一般エフェクト,無面目,イージー,,,,,,,,,,
-,一般エフェクト,状態復元,エネミー,1,オート,-,-,自動成功,自身,至近,-,重圧を受けていても使用可。このエネミーがバッドステータスを受けた直後に使用する。そのバッドステータスをすべて回復する。ただし、回復したバッドステータスひとつごとにこのエネミーは5点のHPを失う。,
-,一般エフェクト,生命増強,エネミー,10,常時,-,-,自動成功,自身,至近,-,このエネミーの最大HPを+[Lv*30]する。このエフェクトは侵蝕率でレベルアップしない。,
-,一般エフェクト,生命増強Ⅱ,エネミー,10,常時,-,-,自動成功,自身,至近,-,このエネミーの最大HPを+[Lv*20]する。このエフェクトは侵蝕率でレベルアップしない。,
-,一般エフェクト,戦力増員,エネミー,10,セットアップ,-,-,自動成功,自身,至近,-,シーン内の任意の場所に「種別：トループ」のエネミーをＬｖ体、未行動で登場させる。このエフェクトは侵蝕率でレベルアップせず、1シナリオにLv回まで使用できる。,
-,一般エフェクト,速攻態勢,エネミー,3,セットアップ,-,-,自動成功,範囲(選択),至近,-,このエネミーの指揮下にあるトループのみを対象にできる。そのラウンドの間、対象の【行動値】を+[Lv*3]する。,
新規,一般エフェクト,超人的弱点,エネミー,10,常時,-,-,自動成功,自身,至近,-,特定の素材や環境、エフェクトなどからひとつを指定する。指定したものからダメージを受けた際、そのダメージが[Lv*2]点増加する。また、特定のエフェクトが使えなくなるなど別の効果を追加してもよい。このエフェクトは侵蝕率でレベルアップしない。,
新規,一般エフェクト,超人的弱点Ⅱ,エネミー,10,常時,-,-,自動成功,自身,至近,-,このエフェクトの取得には《超人的弱点》が必要。このエネミーは、あらゆるダメージを[Lv*2]点軽減する。ただし、《超人的弱点》で指定したダメージを受けた場合は軽減できず、このエフェクトはシナリオ終了時まで効果を発揮しない。このエフェクトは侵蝕率でレベルアップしない。,
,,,,,,,40,,,,,,
,,,,,,,814,,,,,,