掲載,シンドローム,エフェクト名,種別,最大Lv,タイミング,技能,侵蝕値,難易度,対象,射程,制限,簡略効果
RW,エンジェルハィロゥ,ミラーパレス,通常,3,常時,-,-,自動成功,自身,至近,-,あなたを対象に含む攻撃のダイスを-[Lv*2]個する。あなたがバッドステータスの暴走を受けている間、適用される。このエフェクトは侵蝕率でレベルアップしない。このエフェクトを取得した場合、侵蝕率基本値を+2する。
RW,エンジェルハィロゥ,ワンショットツーキル,通常,3,メジャー,<射撃>,3,対決,2体,武器,-,組み合わせた射撃攻撃の対象を2体に変更する。このエフェクトは1シナリオにLv回まで使用できる。
RW,エンジェルハィロゥ,イェーガーマイスター,通常,3,メジャー,シンドローム,4,対決,単体,-,80%,組み合わせた射撃攻撃の攻撃力に+[Lv*4]する。ただし、そのラウンドの間、あなたが行なうドッジの判定のダイスは-3個される（1ラウンドに複数回使用した場合、効果は累積する）。
RW,エンジェルハィロゥ,陽炎の亡霊,通常,1,オート,-,6,自動成功,自身,至近,100%,あなたがドッジに成功した直後に使用する。あなたはメインプロセスを行なう。このメインプロセスは行動済みでも行なうことができ、行なっても行動済みにならない。このエフェクトは1シナリオに1回まで使用できる。
RW,エンジェルハィロゥ,月光の奏者,通常,1,オート,-,2D10,自動成功,単体,視界,120%,対象がドッジを行なう直前に使用する。その判定を自動的に成功にする。あるいは、自動的に失敗にさせる。このエフェクトは1シナリオに1回まで使用できる。
RW,エンジェルハィロゥ,探知する光,イージー,1,メジャー,-,-,自動成功,自身,至近,-,散乱する光によって、周囲の地形や人の位置をレーダーのように読み取るエフェクト。放たれる光線は人間の目で観測できない波長であるため、ほかの人間に気取られることはない。GMは必要と感じたなら〈知覚〉による判定を行なわせてもよい。探知にはー定の時間がかかるため、GMは戦闘中の使用を禁止してもよい。
HR,エンジェルハィロゥ,幻影の騎士団,通常,3,セットアップ,-,2,自動成功,自身,至近,-,そのラウンドの間、あなたが行なう攻撃の攻撃力を+[Lv*3]する。ただし、この効果はあなたが1点でもHPダメージを受けると終了する。
HR,エンジェルハィロゥ,ダンシングライト,通常,3,オート,-,3,自動成功,単体,視界,-,対象が判定を行なう直前に使用する。その判定のダイスを+[Lv+1]個する。このエフェクトは1ラウンドに1回まで使用できる。このエフェクトはあなたを対象にできない。
HR,エンジェルハィロゥ,光の舞踏,通常,1,メジャー/リアク,<白兵>,2,-,-,武器,-,このエフェクトを組み合わせた判定は、【感覚】で判定を行なえる。
HR,エンジェルハィロゥ,空を断つ光,通常,1,メジャー,<RC>,5,対決,シーン(選択),視界,リミット,前提条件：《滅びの光》。「攻撃力+5」の射撃攻撃を行なう。またこの攻撃の対象をシーン（選択）に、射程を視界に変更する。このエフェクトは1シナリオに1回まで使用できる。
HR,エンジェルハィロゥ,デトネイトチャージ,通常,3,メジャー,<白兵><射撃>,4,対決,-,武器,リミット,前提条件：《オプティカルレンズ》。このエフェクトを組み合わせた攻撃の攻撃力を+[Lv*4]する。ただし、判定後に使用した武器はすべて破壊される。
RW,バロール,拒絶領域,通常,3,常時,-,-,自動成功,自身,至近,-,あなたが受けるHPダメージを常に-[Lv*5]点軽減する。このエフェクトはあなたがバッドステータスの暴走を受けている間のみ、適用される。このエフェクトは侵蝕率でレベルアップしない。このエフェクトを取得した場合、侵蝕率基本値を+5する。
RW,バロール,グラビティバインド,通常,3,オート,-,3,自動成功,単体,視界,-,重力の枷で敵を拘束し、動きを妨害するエフェクト。対象が判定を行なった直後に使用する。その判定の達成値に-[Lv*3]する。このエフェクトは1ラウンドに1回まで使用できる。
RW,バロール,黒の咆哮,通常,3,メジャー,シンドローム,4,対決,-,-,80%,このエフェクトを組み合わせた攻撃の攻撃カを+[Lv*4]する。ただし、その攻撃の判定のダイスを-2個する。
RW,バロール,解放の宴,通常,3,セットアップ,-,6,自動成功,自身,至近,100%,そのラウンドの間、あなたが行なうあらゆる判定のダイスを+5個する。また、あなたは飛行状態となる。このエフェクトは1シナリオにLv回まで使用できる。
RW,バロール,崩壊のスフイア,通常,3,オート,-,2D10,自動成功,単体,視界,120%,☆対象が行なうダメージロールの直前に使用する。そのダメージを+[Lv*2]Dする。このエフェクトは1シナリオに1回まで使用できる。
RW,バロール,軽快なる積荷,イージー,1,常時,-,-,自動成功,自身,至近,-,あなたは大量の荷物も重さを感じずに持ち運ぶことができる。また、直接持たなくても重力を相殺して無重力空間のように宙に浮かせることもできる。これによって、足場が限定された状況などでも好きなだけ道具を周りに浮かしておくことができる。取得したアイテムを浮かばせた場合、あなたが所持しているのと同様に扱う。
HR,バロール,グラビティテリトリー,通常,3,常時,-,-,自動成功,自身,至近,-,あなたの周囲に常時重力場を発生させ、あらゆる攻撃の威力を緩和するエフェクト。あなたの最大HPを+[LV*7]する。このエフェクトは侵蝕率でレベルアッブしない。このエフェクトを取得した場合、侵蝕率基本値を+4する。
HR,バロール,紡ぎの魔眼,通常,3,オート,-,1,自動成功,自身,至近,-,魔眼にあなたの周囲を旋回させて周辺の重力を安定させるエフェクト。あなたが行なう判定の直前に使用する。その判定のダイスを+LV個する。このエフェクトは1ラウンドに1回まで使用できる。
HR,バロール,暴君の槌,通常,3,メジャー,シンドローム,3,対決,-,-,-,重力によって拘束された敵を魔眼が追撃するエフェクト。このエフェクトを組み合わせた攻撃の攻撃力を+[LV*3]する。このエフェクトは、何らかのバッドステータスかバロールのエフェクトの効果を受けているキャラクターのみを対象としている場合のみ、効果がある。
HR,バロール,迎撃する魔眼,通常,3,オート,<RC>,7,対決,単体,視界,リミット,前提条件：《黒の鉄槌》。他エフェクトと組み合わせ不可。対象からあなたに攻撃が行われた際、リアクションの直前に使用する。あなたはリアクションを放棄し、代わりに対象に《黒の鉄槌》のみを使用した射撃攻撃を行なう。この判定のクリティカル値を-LVする（下限値7）。この攻撃に対象はリアクションを行なえない。
HR,バロール,魔人の弩,通常,3,メジャー,<白兵><射撃>,5,対決,単体,武器,リミット,前提条件：《巨人の斧》。このエフェクトを組み合わせた攻撃の攻撃力に+10する。このエフェクトは1シナリオにLv回まで使用できる。
RW,ブラックドッグ,クロックフィールド,通常,3,セットアップ,-,4,自動成功,範囲(選択),至近,-,そのラウンドの間、対象の【行動値】を+5する。このエフェクトは1シナリオにLv回まで使用できる。
RW,ブラックドッグ,リペアウーンズ,通常,3,クリンナップ,-,3,自動成功,単体,至近,-,ブラックドッグのシンドロームを持つキャラクターのみを対象とすることができる。対象のHPを[(Lv+1)D+【肉体】]点回復する。戦闘中でない場合、このエフェクトは1シーンに1回まで使用できる。
RW,ブラックドッグ,クレイジードライブ,通常,3,メジャー,シンドローム,5,-,-,-,80%,あなたが衝動に応じて発電細胞の出力が高まる特性を持つことを表わすエフェクト。このエフェクトは攻撃を行なうエフェクトと組み合わせて使用する。組み合わせた攻撃の攻撃力を+[Lv*4]する。バッドステータスの暴走を受けている間のみ使用できる。
RW,ブラックドッグ,雷神の降臨,通常,3,セットアップ,-,6,自動成功,自身,至近,100%,☆そのラウンド中にあなたが行う攻撃の攻撃力を+[Lv*5]する。ただし、あなたの【行動値】は0となる。このエフェクトによる【行動値】への修正は他のエフェクトに優先する。
RW,ブラックドッグ,電撃の檻,通常,3,セットアップ,-,4D10,自動成功,効果参照,視界,120%,そのラウンドの間、シーン内の任意のエンゲージひとつを封鎖する。このエンゲージに入るか、離脱するか、その中でクリンナッププロセスを迎えたキャラクターは[Lv+2]D点のHPダメージを受ける。このダメージは1ラウンドに1回までしか受けない。1シナリオに1回まで使用可能。
RW,ブラックドッグ,小さき密偵,イージー,1,メジャー,-,1,自動成功,-,-,-,体内に格納した小型のドローンを展開して、周囲を探索させるエフェクト。人間が入りこむことのできない小さな隙間、空や水中を調査したり、目立たずに偵察したりすることができる。GMは必要と感じたなら〈知覚〉による判定を行なわせてもよい。
HR,ブラックドッグ,雷の剣,通常,3,メジャー,<RC>,2,対決,-,至近,-,圧縮した電撃を至近距離で炸裂させるエフェクト。[攻撃力：+5]の射撃攻撃を行なう。このエフェクトを組み合わせた場合、「あなたと同じエンゲージにいるキャラクターを対象にできない」と記載されたエフェクトでも、同じエンゲージに対して使用できる。1シーンにLV回まで使用可能。
HR,ブラックドッグ,スパークウェッジ,通常,5,メジャー,<白兵><射撃>,2,対決,単体,武器,-,電撃を敵に打ち込み、あなた以外への攻撃を妨害するエフェクト。組み合わせた攻撃が命中した場合、対象は次にあなた以外のキャラクターを対象に含む攻撃をした時に[LV*3]点のHPダメージを受ける。この効果は対象があなた以外のキャラクターを対象に含む攻撃を行なうか、シーン終了まで持続する。
HR,ブラックドッグ,ロケッティア,通常,3,セットアップ,-,4,自動成功,自身,至近,-,そのラウンドの問、あなたの【行動値】は0となる。また、あなたがそのラウンドに行なう最初の移動では、シーン内の任意の場所に移動できる。この移動では離脱を行なえる。また、移動中に他のエンゲージに接触しても移動を終える必要はなく、封鎖の影響も受けない。このエフェクトは1シナリオにLV回まで使用できる。
HR,ブラックドッグ,アンバウンド,通常,3,マイナー,-,2,自動成功,自身,至近,リミット,前提条件：《サイバーレッグ》。あなたは戦闘移動を行なうことができる。また、そのメインブロセスの間、あなたが行なう白兵攻撃の攻撃力を+[LV*3]する。
HR,ブラックドッグ,ライトニングリンク,通常,3,メジャー,<白兵><射撃>,4,対決,-,武器,リミット,前提条件《アームズリンク》。このエフェクトを組み合わせた攻撃の攻撃力に+[LV*4]する。ただし、あなたは5点のHPを失う。
RW,ブラム＝ストーカー,紅のベーゼ,通常,5,セットアップ,《血色の花嫁》,2,自動成功,単体,至近,-,仲間から血を奪うエフェクト。《血色の花嫁》と組み合わせて使用する。対象は[Lv*10]点のHPを失う。あなたの最大HPと現在HPを+[Lv*10]する。この効果はそのシーンの終了まで持続する。対象は効果を拒否できる。1シーンに1回まで使用できる。
RW,ブラム＝ストーカー,鮮血の奏者,通常,3,セットアップ,-,4,自動成功,単体,視界,-,血液を操って自分や他人の行動を支援させるエフェクト。使用時にLv点以下の任意のHPを消費する。そのラウンドの間、対象が行なう攻撃の攻撃力を+[消費したHP*3]する。
RW,ブラム＝ストーカー,栄光の血,通常,3,オート,-,4,自動成功,単体,視界,80%,☆本物の吸血鬼であるあなたにとって血液型の違いなど問題にならない。あなた以外の対象が判定を行なった直後に使用する。その判定の達成値を+[Lv*3]する。ただし、あなたは1D点のHPを失う。このエフェクトは1ラウンドに1回まで使用できる。
RW,ブラム＝ストーカー,災いの魔剣,通常,5,メジャー,<白兵>,2D10,対決,単体,武器,100%,大量に流した血液で武器を巨大化させるエフェクト。あなたはHPを残り1点まで失う。このエフェクトを組み合わせた白兵攻撃の攻撃力に+[あなたが失ったHP]する（最大で[Lv*10]点まで）。1シナリオに1回まで使用できる。
RW,ブラム＝ストーカー,ハイブリーディング,通常,1,オート,-,6,自動成功,自身,至近,120%,血液を限界まで放つエフェクト。いつでも使用できる。あなたが取得しているエフェクトひとつの使用回数を1回ぶん回復する。ただし、そのエフェクトの侵蝕値に等しいHPを失う。このエフェクトは1シナリオに1回まで使用できる。
RW,ブラム＝ストーカー,生命治癒,イージー,1,メジャー,-,-,自動成功,単体,至近,-,あなたの血を分け与えることで、対象の怪我や病気などを治癒するエフェクト。オーヴァードの対象には効果がない。あらゆる病や怪我に効果があるが、死んだ人間を蘇らせることはできない。使用するとあなたはHPを1点失う。GMは必要と感じたなら、〈RC〉による判定を行なわせてもよい。
HR,ブラム＝ストーカー,王者の血,通常,5,常時,-,-,自動成功,自身,至近,-,あなたが特別に再生力の強い血を持つことを表わすエフェクト。あなたが使用するブラム＝ストーカーの「HPを回復する」エフェクトは、さらに追加で[LV*3]点のHPを回復する。このエフェクトは侵蝕率でレベルアップしない。このエフェクトを取得した場合、侵蝕率基本値を+3すること。
HR,ブラム＝ストーカー,再生の血,通常,5,メジャー,<RC>,2,自動成功,-,視界,-,生命力を活性化する血を流し込み、対象の傷を塞ぐエフェクト。生命力を支配するブラム＝ストーカーには、他人を癒すこともたやすいことだ。対象のHPを[LV+2]D点回復する。
HR,ブラム＝ストーカー,ストレイトブラッド,通常,3,オート,-,4,自動成功,単体,10m,-,《ブラッドコート》の効果中のみ使用できる。対象が判定を行なった直後に使用する。その判定の達成値を-[《ブラッドコート》で消費したHP*2]する：このエフェクトの使用後、《ブラッドコート》の効果は終了する：このエフェクトは1シナリオにLV回まで使用できる
HR,ブラム＝ストーカー,朱色の大斧,通常,5,メジャー,<白兵>,4,対決,単体,武器,リミット,前提条件：《渇きの主》。《渇きの主》と組み合わせて使用する。このエフェクトを組み合わせた白兵攻撃で1点でもHPダメージを与えた場合、そのシーンの間、あなたが行なう白兵攻撃の玖撃力を+[LV*4]する。
HR,ブラム＝ストーカー,無限の血肉,通常,3,オート,-,4,自動成功,自身,至近,リミット,前提条件：《不死者の恩寵》。重圧を受けていても使用可能。あなたが戦闘不能となった時に使用する。あなたは戦闘不能を回復し、HPを(LV)D点まで回復する。このエフェクトは1シナリオに1回まで使用できる。
RW,キュマイラ,プライマルレイジ,通常,5,マイナー,-,4,自動成功,自身,至近,-,レネゲイドウィルスの衝動を呼び起こして、力を増幅するエフェクト。そのメインプロセスの間、あなたが行なう攻撃の攻撃力に+[Lv*3]する。ただし、あなたはバッドステータスの暴走を受ける。既に暴走を受けている場合、このエフェクトの[侵蝕値：]を+2して効果を適用すること。
RW,キュマイラ,魔獣の治癒力,通常,5,オート,-,6,自動成功,自身,至近,-,"あなたがなんらかの効果でHPを回復した時に使用する。あなたは(Lv)D点回復する。HPを回復する効果はアイテムの使用や《リザレクト》、""タイタスの昇華""などなんでもよい。このエフェクトは1シーンに1回まで使用できる。"
RW,キュマイラ,餓狼の爪,通常,1,オート,-,3,自動成功,単体,視界,80%,倒れた敵を追撃するエフェクト。対象が行なうダメージロールの直前に使用する。そのダメージに+[あなたの素手の攻撃力]する。このエフェクトはあなたを対象にできず、あなたと同じエンゲージに存在するキャラクターを対象とした攻撃にしか使用できない。1ラウンドに1回まで使用できる。
RW,キュマイラ,怪獣撃,通常,3,メジャー,<白兵>,6,対決,単体,視界,100%,このエフェクトを級み合わせた白兵攻撃の射程を視界に変更する。また、そのダメージに+(Lv)Dする。このエフェクトは1シナリオに1回まで使用できる。
RW,キュマイラ,巨獣の爪牙,通常,1,マイナー,-,2D10,自動成功,自身,至近,120%,そのメインブロセスでは、あなたはメジャーアクションを2回行なえる。判定が発生する場合、それそれ別途に処理すること。それぞれのメジャーアクションでは素手による白兵攻撃しか行なえない。このエフェクトは1シナリオに1回まで使用できる。
RW,キュマイラ,旅する魔獣,イージー,1,常時,-,-,自動成功,自身,至近,-,鳥や魚など超長距離の移動に適した姿に変化するエフェクト。あなたは動物が存在できる場所なら、地球上のありとあらゆる場所に身ひとつで移動することが可能になる。あくまで移動手段が確保できるだけなので、その間に障害を突破する必要がある場合別途判定を行なうこと。
HR,キュマイラ,蹂躙する蹄,通常,3,セットアップ,-,2,自動成功,自身,至近,-,このラウンド中、次にあなたが行なう白兵攻撃の攻撃力を+[LV*2]する。その白兵攻撃が《ー角鬼》を使用した素手によるものであった場合、代わりに攻撃力を+[LV*3]する。このエフェクトはそのラウンド中、あなたが戦開移動、全力移動、離脱を行なった場合のみ効果を受けられる。
HR,キュマイラ,襲撃迷彩,通常,3,マイナー,-,3,自動成功,自身,至近,-,《完全獣化》の効果中のみ使用できる。あなたは隠密状態となる。この隠密状態はそのメインプロセスが終了するまで持続する。このエフェクトは1シーンにLV回まで使用できる。敵とエンゲージしていてもこの効果で隠密状態になれる。
HR,キュマイラ,野蛮なる本能,通常,5,常時,-,-,自動成功,自身,至近,-,凶暴な本能を抱えていることを表わすエフェクト。その力が暴走した時、秘められた力が発揮される。あなたがバッドステータスの暴走を受けている間、あなたが行なう白兵攻撃の攻撃力を+[LV*2]する。このエフェクトは侵蝕率でレベルアップしない。このエフェクトを取得した場合、侵蝕率基本値を+3すること。
HR,キュマイラ,血に飢えた跳躍,通常,3,メジャー,<白兵>,4,対決,単体,武器,リミット,前提条件：《ハンティングスタイル》。組み合わせた白兵攻撃の攻撃力に+[LV*3]する。あなたが隠密状態なら、さらに判定のダイスに+2個する。
HR,キュマイラ,ビーストロア,通常,3,オート,-,3,自動成功,自身,至近,リミット,前提条件：《魔獣の咆哮》。《魔獣の咆哮》の直前に使用することで、対象の判定のダイスを《魔獣の咆哮》の効果に加えてさらに-5個する。このエフェクトは1シーンに1回、1シナリオにLV回まで使用できる。
RW,エグザイル,異形の加護,通常,1,オート,-,4,自動成功,自身,至近,-,対象（あるいはあなた）が受ける（予定の）HPダメージを-●点するエフェクトと同時に使用する。そのエフェクトの効果に+3Dする（つまり追加で3D点ダメージを減らす）。このエフェクトは1ラウンドに1回まで使用できる。あなたがバッドステータスの暴走を受けている場合、この使用回数制限は無視できる。
RW,エグザイル,強靭骨格,通常,5,常時,-,-,自動成功,自身,至近,-,骨格を硬くより丈夫に変化させて戦闘向きの体を作り上げるエフェクト。あなたの素手の攻撃力とガード値をそれぞれ+[Lv+1]する。このエフェクトは侵蝕率でレベルアップしない。このエフェクトを取得した場合、侵蝕率基本値が+3される。
RW,エグザイル,死神の手,通常,3,メジャー,<白兵>,4,対決,-,-,80%,このエフェクトを組み合わせた攻撃の攻撃力を+[Lv*4]する。このエフェクトは素手による攻撃か、《骨の銃》で作成した武器による攻撃にのみ効果がある。
RW,エグザイル,ダヴィンチの調和,通常,3,オート,-,1D10,自動成功,自身,至近,100%,理想的な身体に変化することで、動作を最適化するエフェクト。理想的な変異を遂げた体は自ずと美しく調和の取れたプロポーションに近づく。あなたが判定を行なう直前に使用する。その判定のクリティカル値を-1する（下限値6）。このエフェクトは1シナリオにLv回まで使用できる
RW,エグザイル,流刑者の大鎌,通常,3,メジャー,シンドローム,8,対決,[Lv+1]体,-,120%,肉体から瞬時に巨大な武器を作りだして、激しい攻撃を行なうエフェクト。組み合わせたエフェクトの対象を[Lv+1]体に変更する。また、その攻撃で与えるダメージに+2Dする。このエフェクトは1シナリオに1回まで使用できる。
RW,エグザイル,美しき罪人,イージー,1,常時,-,-,自動成功,自身,至近,-,あなたの肉体が美しくバランスの整ったものになるエフェクト。あなたの体は日々の代謝などを経て自然と理想的な状態が維持される。この理想の容姿は、あなたの美的感覚に基づいて決定される。
HR,エグザイル,生命の黄金率,通常,3,マイナー,-,5,自動成功,自身,至近,-,そのシーンの間、【肉体】の能力値を使用したあらゆる判定のダイスを+[LV+1]個する。またこの効果を受けている間、あなたは複数の《形状変化：》の効果を受けることができるようになる。
HR,エグザイル,過剰反応,通常,3,メジャー,シンドローム,3,対決,単体,武器,-,組み合わせて行なう攻撃の攻撃力を+[LV*3]する。ただし、攻撃の判定のダイスを-2個する。このエフェクトはあなたのHPが最大値の時は使用できない。
HR,エグザイル,形状変化：速,通常,5,マイナー,-,3,自動成功,自身,至近,-,そのシーンの間、あなたの【行動値】を+[LV*3]する。この効果はオートアクションで終了させることができ、効果を受けいている間は他の《形状変化：》の効果を受けることはできない。
HR,エグザイル,死神の精度,通常,3,メジャー,<白兵><射撃>,4,対決,単体,武器,リミット,前提条件：《オールレンジ》。《オールレンジ》と組み合わせて使用する。組み合わせて行なう攻撃の攻撃力を+[Lv*5]点する。このエフェクトは-1シーンに1回まで使用可能。
HR,エグザイル,怒涛の大蛇,通常,1,メジャー,<白兵>,4,対決,シーン(選択),視界,リミット,前提条件：《伸縮腕》。《伸縮腕》と組み合わせて使用する。このエフェクトを組み合わせた白兵攻撃の対象をシーン（選択）に、射程を視界に変更する。このエフェクトは1シーンに1回まで使用可能。
RW,ハヌマーン,風踏むマシラ,通常,3,オート,-,1,自動成功,自身,至近,-,軽快な動きによって呼吸を整えて身体の不調を回復するエフェクト。あなたがドッジに成功した直後に使用する。あなたのHPを[LV+1]D点回復する。このエフェクトは1ラウンドに1回まで使用できる。
RW,ハヌマーン,狂想の旋律,通常,3,セットアップ,-,5,自動成功,範囲(選択),視界,-,狂おしいほど精神を高揚させる音で闘争心を高めるエフェクト。このラウンドの間、対象が行なう攻撃の攻撃力に+[Lv*3]する。ただし、対象はバッドステータスの暴走を受ける。対象はこの効果を拒否できる。もし、あなたがすでに暴走を受けている場合、このエフェクトの侵蝕値を+2する。
RW,ハヌマーン,怒濡の旋風,通常,5,メジャー,シンドローム,4,対決,単体,-,80%,限界を超えたスピードで連撃を加えるエフェクト。反動として肉体には大きな負荷がかかる。このエフェクトを組み合わせた時にLv点以下の任意のHPを消費すること。組み合わせた攻撃の攻撃力に+[消費したHP*3]する。
RW,ハヌマーン,激情の早鐘,通常,3,オート,-,4,自動成功,自身,至近,100%,あなたが戦嬰不能から回復した時に使用する。次のあなたのメインブロセスの終了まで、あなたが行なうあらゆる判定のクリティカル値を-1する（下限6）。複数回使用した環合、効果は重複する。1シナリオにLv回まで使用できる。
RW,ハヌマーン,真空返し,通常,5,リアク,シンドローム,2D10,対決,-,-,120%,相手の技の起点を妨害し、行動そのものを失敗させるエフェクト。このエフェクトを組み合わせて行なうドッジ判定の達成値に+[LV*3]する。この判定でドッジに成功した場合、その攻撃で対象となっている他のキャラクターへの判定も失敗となる。このエフェクトは1シナリオに1回まで使用できる。
RW,ハヌマーン,海の魔術師,イージー,1,メジャー,-,-,自動成功,自身,至近,-,波の動きを操ることで、水中を自在に泳ぎ回るエフェクト。あなたは魚のようなスピードで水中を泳ぐことができる。また、溺れることなく大陸間を泳ぎ渡ることができる。この効果は、あなたと同じシーンに登場している他のキャラクターにも有効となる。使用には集中が必要なため、戦闘中は効果が途切れてしまう。
HR,ハヌマーン,居合い,通常,5,メジャー/リアク,<白兵><射撃>,3,-,-,-,-,このエフェクトを組み合わせた判定の達成値に+[LV*2]する。1ラウンドに1回まで使用できる。
HR,ハヌマーン,疾風の弾丸,通常,3,メジャー,<射撃>,3,対決,-,武器,-,このエフェクトを組み合わせた射撃攻撃の攻撃力を+[LV*3]する。この攻撃ではあなたと同じエンゲージにいるキャラクターを対象にできない。
HR,ハヌマーン,崩壊の鼓動,通常,3,常時,-,-,自動成功,自身,至近,-,全身が微細な振動波を常に放っていることを表わすエフェクト。文字どおりあなたは触れるだけですべてを破壊することができる。あなたの素手の攻撃力を+[LV*2]する。このエフェクトは侵蝕率でレベルアップしない。このエフェクトを取得した場合、侵蝕率基本値が+4される。
HR,ハヌマーン,終焉の残響,通常,1,メジャー,<RC>,4,対決,-,-,リミット,前提条件：《サイレンの魔女》。《サイレンの魔女》と組み合わせて使用する。このエフェクトを組み合わせた攻撃に対して、対象はリアクションを行えない。また、この攻撃に対して力バーリンク、を行なつた場合、ガードを行なつたものとしてダメージを算出できない。このエフェクトは1シナリオに1回まで使用できる。
HR,ハヌマーン,鉄風乱舞,通常,1,メジャー,<白兵><射撃>,3,対決,単体,武器,リミット,前提条件：《電光石火》。取得時に【肉体】か【感覚】のどちらかを選ぶこと。このエフェクトを組み合わせた攻撃の攻撃力を+「選択した能力値」する。
RW,モルフェウス,スナイパーウェポン,通常,5,マイナー,<射撃>,2,自動成功,自身,至近,-,作成する武器を長距離狙撃用に力スタマイズするエフェクト。組み合わせた《ハンドレッドガンズ》で作成する武器の射程を視界に変更する。また、その武器を使用した（射撃）判定の達成値を+[Lv*2]する。ただし、その武器を使用した攻撃では同じエンゲージのキャラクターを対象にできない。
RW,モルフェウス,ブルータルウェポン,通常,3,メジャー,<白兵><射撃>,4,自動成功,-,武器,-,武器そのものがまるで意思を持つかのように相手に襲いかかるエフェクト。このエフェクトを組み合わせた攻撃の攻撃力に+[LV*3]する。ただし、あなたがバッドステータスの暴走を受けていない場合、この攻撃の判定のダイスは-2個される。
RW,モルフェウス,ストライクモード,通常,3,メジャー,シンドローム,6,対決,-,-,80%,武器を破壊力重視の形態に変化させるエフェクト。その形態は耐久性度外視で、武器もその衝撃に耐えられず壊れてしまう。このエフェクトを組み合わせた攻撃のダメージに+(LV)Dする。ただし、判定後にあなたの装備している武器はすべて破壊される。
RW,モルフェウス,不壊の城壁,通常,3,オート,-,5,自動成功,範囲(選択),至近,100%,反射的に巨大な壁や盾を錬成するエフェクト。多くのエフェクトの中でも最上級の瞬間防御能力を誇る。対象へのHPダメージが算出された直後に使用する。対象が受ける（予定の）HPダメージを-[LV*10]点する。このエフェクトは1シナリオに1回まで使用できる。
RW,モルフェウス,砂の騎士団,通常,1,セットアップ,-,6,自動成功,効果参照,視界,120%,砂の身代わりを生み出し、自分の代わりに行動させるエフェクト。そのラウンドの間、対象のエンゲージに自分自身の分身を生み出す。あなたはそのエンゲージにいるかのようにエフェクトや攻撃などを行なうことができる。この分身にそれ以外の効果はなく、攻撃などの対象にもならない。1シナリオに1回まで使用できる。
RW,モルフェウス,贋作師,イージー,1,メジャー,-,-,自動成功,自身,至近,-,見たことのある物品の複製品を錬成するエフェクト。ー度でも見たことがあれば外見や手触りは完壁に再現でき、モデルが手元にあれば完全に同じものを作ることができる。ただし、作成した複製品は見せかけで実際のその道具の機能は持たず、ー週間ほどでただの土くれになる。GMは必要と感じたなら〈RC〉の判定を行なわせてもよい。
HR,モルフェウス,サンドシャード,通常,5,メジャー,<RC>,4,対決,範囲(選択),視界,-,打ち出した武器を砂の弾丸状に炸裂させて攻撃するエフェクト。所持している白兵武器をひとつ選択する。「攻撃力：［選択した武器の攻撃力]」の射撃攻撃を行なう。使用した武器は攻撃の成否にかかわらずメインプロセスの終了時に破壊される。このエフェクトは1シーンにLV回まで使用できる。
HR,モルフェウス,ジャイアントウェポン,通常,1,マイナー,-,2,自動成功,自身,至近,-,あなたが組み合わせて使用する《インフィニティウェポン》《ハンドレッドガンズ》で作成する武器の攻撃力に+5する。ただし、作成する武器は「この武器を装備している間、他の武器は装備できない」という解説が加わる。
HR,モルフェウス,ディスマントル,通常,5,オート,-,3,自動成功,単体,視界,-,対象の攻撃を命中する前に解体して威力を削ぐエフェクト。対象が行なうダメージロールの直前に使用する。そのダメージを-[LV*3]する。このエフェクトは1ラウンドに1回まで使用できる。
HR,モルフェウス,剣精の手,通常,3,オート,-,2,自動成功,自身,至近,リミット,前提条件：《力スタマイズ》。あなたが《力スタマイズ》を組み合わせた武器攻撃の判定のダイスを振った直後に使用する。判定のダイス目のひとつを10に変更する。このエフェクトはあなたが判定を行なっている最中にも使用できる。このエフェクトは1回の判定につき1回まで使用でき、1シナリオに[LV+1]回まで使用できる。
HR,モルフェウス,天の業物,通常,1,オート,-,4,自動成功,単体,視界,リミット,前提条件：《水晶の剣》。対象が行なう「あなたが《水晶の剣》を使用した武器」を使用した攻撃の判定の直前に使用する。その判定のクリティカル値を-1する（下限値5）。このエフェクトは1シナリオに1回まで使用できる。
RW,ノイマン,アナトミックラスト,通常,5,メジャー,<白兵><射撃>,3,対決,単体,武器,-,対象の構造を理解して効率的に分解、解体する工フェクト。あなたの知的欲求が効率を追求しろと囁く。このエフェクトを組み合わせた攻撃の攻撃力を+[LV*2]する。あなたがバッドステータスの暴走を受けている場合、さらに攻撃力を+3する。
RW,ノイマン,灰色の脳細胞,通常,1,常時,-,-,自動成功,自身,至近,-,常に先の展開を予測することで、イニシアチブを取るエフェクト。あなたの【行動値】に+【精神】する。このエフェクトは侵蝕率でレベルアップしない。このエフェクトを取得した場合、侵蝕率基本値を+2する。
RW,ノイマン,神機妙算,通常,3,メジャー,シンドローム,3,-,範囲(選択),-,80%,人知を超えた計略によって戦場を支配するエフェクト。このエフェクトを組み合わせたメジャーアクションの対象を範囲（選択）に変更する。このエフェクトは1シーンにLV回まで使用できる。
RW,ノイマン,フェイタルヒット ,通常,3,オート,-,4,自動成功,自身,至近,100%,攻撃の命中の瞬間、急所に狙いを変えて致命傷を与えるエフェクト。あなたが行なうダメージロールの直前に使用する。そのダメージを+(LV)Dする。このエフェクトは1ラウンドに1回まで使用できる。
RW,ノイマン,ディフレクション,通常,3,オート,-,4D10,自動成功,単体,視界,120%,攻撃を誘導して、攻撃を行なった相手に返すエフェクト。あなたにHPダメージを適用する直前に使用する。そのHPダメージを[LV*10]点軽減し、軽減したHPダメージをその攻撃を行なった対象に適用する。このエフェクトは1シナリオに1回まで使用できる。
RW,ノイマン,真相告白,イージー,1,メジャー,-,1,自動成功,単体,至近,-,相手に共感を示したり、逆に怒らせたりして質問に答えさせるエフェクト。あなたが聞きたい質問ひとつに対して、相手は嘘偽りなく、正直に答えを口にしてしまう。このエフェクトは1シナリオに1回まで使用できる。GMは（交渉）の判定を要求してもよい。また、回答を拒否してもよい。その場合、使用回数は消費しない。
HR,ノイマン,チェイストリガー,通常,3,オート,-,4,自動成功,単体,至近,-,先に行動して仲間が動く隙を作るエフェクト。あなたの行なう攻撃が命中した直後に使用する。そのラウンドの間、対象の【行動値】を+[LV*5]する。対象はこの効果を拒否できる。1シーンに1回まで使用できる。
HR,ノイマン,バタフライエフェクト,通常,3,セットアップ,-,3,自動成功,単体,視界,-,小さな布石から連鎖反応的に有利な状況を作り出すエフェクト。対象が行なう判定の達成値に+5する。対象はこの効果を適用するかどうか判定の直前に決定できる。このエフェクトは一度でも効果を適用するか、ラウンドの終了まで持続する。1シナリオにLV回まで使用できる。
HR,ノイマン,ブービートラップ,通常,3,オート,-,3,自動成功,単体,至近,-,即席の罵で近づいてきた敵を絡め取るエフェクト。対象があなたと同じエンゲージに移動した時に使用する。そのラウンドの間、対象が行なう判定のダイスを-[LV+2]個する。1ラウンドに1回使用可能。
HR,ノイマン,戦場の魔術師,通常,5,メジャー,シンドローム,3,自動成功,3体,-,リミット,前提条件：《アドヴァイス》。《アドヴァイス》と組み合わせて使用する。組み合わせた判定の対象を3体に変更する。このエフェクトは1シナリオに[LV+1]回まで使用できる。
HR,ノイマン,バレットワルツ,通常,5,メジャー,<射撃>,3,対決,-,武器,リミット,前提条件：《零距離射撃》。《零距離射撃》と組み合わせて使用する。このエフェクトを組み合わせた攻撃の攻撃力に+[LV*3]する。
RW,オルクス,絡め取る大地,通常,3,セットアップ,-,1,自動成功,-,視界,-,足場を悪くして敵の動きを鈍くするエフェクト。効果は単純で影響も大きくないが、その分扱いやすいエフェクトである。そのラウンドの間、対象の【行動値】を-[LV*2]する。
RW,オルクス,鋼の顎,通常,3,メジャー,<RC>,3,対決,-,視界,-,領域内の機械や車両など硬い物体を操作して対象を押しつぶすエフェクト。[攻撃力：+7]の射撃攻撃を行なう。さらに対象の装甲値を無視してダメージを算出する。あなたと同じエンゲージにいるキャラクターを対象にできない。このエフェクトは1シーンにLV回まで使用できる。
RW,オルクス,天使の階梯,通常,3,メジャー,<交渉>,5,自動成功,単体,視界,80%,雲間から射す光が道を示すように、あつらえられた好機を用意するエフェクト。対象が次に行なうメジャーアクションの判定のクリティカル値を-1（下限値6)し、さらにその判定の達成値を+[LV*2」する。
RW,オルクス,隠された世界,通常,1,オート,-,1D10,自動成功,単体,視界,100%,空間を操って、敵の視界から仲間たちの居場所を覆い隠す工フェクト。対象が行なう「対象：単体」でない攻撃の判定が行なわれる直前に使用する。その攻撃の対象を単体に変更する。対象はあらためて選択させること。このエフェクトは1シナリオに1回まで使用できる。
RW,オルクス,空中庭園,通常,1,セットアップ,-,8,自動成功,シーン(選択),視界,120%,空間そのものを操作して、陣形を望みどおりに書き換えるエフェクト。対象は戦闘移動を行なう。また、この移動では離脱を行なえる。このエフェクトは1シナリオに1回まで使用できる。
RW,オルクス,透明存在,イージー,1,メジャー,-,-,自動成功,自身,至近,-,領域を調整して自分の行動が他人の意識を引かないようにするエフェクト。あなたはまるでそこにいない透明人間のように扱われる。実際に透明になるわけではないので、力メラなどの無機物やオーヴァードには効果がない。GMは必要と感じたら〈知覚〉の判定を行なわせてもよい。
HR,オルクス,間隙の魔術師,通常,3,オート,-,5,自動成功,単体,視界,-,効果に同意する対象が戦闘移動、全力移動を行なう直前に使用する。その移動ではシーン内の任意の場所に移動できる。この移動では離脱を行える。また対象はあなたが取得している《バックスタブ》の効果をそのメインプロセスの間受けることができる。このエフェクトは1シナリオにLV回まで使用できる。
HR,オルクス,塞がれた世界,通常,3,メジャー,シンドローム,3,対決,-,-,-,全方位からの攻撃で逃げ場を奪いとどめをさすエフェクト。このエフェクトを組み合わせた攻撃の攻撃力を+[LV*3]する。ただし、この攻撃の対象が「対象：単体」の場合、効果は適用しない。
HR,オルクス,浮遊する大地,通常,5,オート,-,3,自動成功,自身,至近,-,岩や壁を浮遊させて攻撃を妨害するエフェクト。このエフェクトの取得には《隆起する大地》が必要。《隆起する大地》と同時に使用する。その射程を「射程：視界」に変更する。また、その効果に+2Dする。このエフェクトは1シーンにLV回まで使用できる。
HR,オルクス,絶対支配,通常,3,オート,-,4,自動成功,自身,至近,リミット,前提条件：《支配の領域》。《支配の領域》と同時に使用する。同時に使用した《支配の領域》は対象の判定のダイス目の[LV+1]個を選んで1にする。
HR,オルクス,光り射す場所,通常,1,メジャー,<RC><交渉>,2,自動成功,単体,視界,リミット,前提条件：《導きの華》。このエフェクトは《導きの華》と組み合わせて使用する。対象が次に行なうメジャーアクションの判定の達成値を+5する。ただし、購入判定には効果を発揮しない。
RW,サラマンダ－,氷河の腕甲,通常,3,マイナー,-,3,自動成功,自身,至近,-,両腕を硬質の氷で覆ってプロテクターにするエフェクト。腕の他に、武器や脚部などに氷を張って防具として利用するものもいる。そのシーンの間、あなたが行なうガードのガード値を+[LV*3]する。
RW,サラマンダ－,ワイルドファイア,通常,3,常時,-,-,自動成功,自身,至近,-,野に放たれた火のことく、制御できない速さで暴れ回るエフェクト。あなたの【行動値】を+[LV*3」する。この効果はあなたがバッドステータスの暴走を受けている間のみ適用される。このエフェクトは侵蝕率でレベルアップしない。このエフェクトを取得した場合、侵蝕率基本値を+4する。
RW,サラマンダ－,エネルギーブレイド,通常,3,メジャー,シンドローム,4,対決,-,-,80%,出力を増した冷気や炎によって巨大な刃状となった攻撃を行なうエフェクト。このエフェクトを組み合わせた攻撃で与えるダメージに+2Dする。ただし、判定のダイスを-1個する。このエフェクトは1シナリオにLV回まで使用できる。
RW,サラマンダ－,不死身の炎,通常,3,セットアップ,-,1D10,自動成功,自身,至近,100%,激しく燃え上がって生命力を高めるエフェクト。そのシーンの間、あなたの最大HPとHPを+[LV*10]する。この効果はあなたが戦闘不能になると終了する。このエフェクトは1シナリオに1回まで使用できる。
RW,サラマンダ－,極圏の覇者,通常,3,オート,-,5,自動成功,自身,至近,120%,自分の周囲に極寒や灼熱の領域を作り出すエフェクト。その領域はあなたのエフェクトを増幅する。あなたが判定を行なう直前に使用する。その判定のダイスに+[LV*2]する。このエフェクトは1シナリオに3回まで使用できる。
RW,サラマンダ－,プラズマカッター,イージー,1,メジャー,-,-,自動成功,自身,至近,-,超高熱のプラズマを発生させて物質を切断するエフェクト。厚さ数十センチの隔壁などにも簡単に穴をあけることができる。自分の意のままに操ることができるので、精密作業などにも使用できる。集中してエフェクトを操作する必要があるため、武器としては使用できない。
HR,サラマンダ－,苛烈なる火,通常,3,セットアップ,-,3,自動成功,自身,至近,-,猛火を全身にまとって他のエフェクトの攻撃力を上昇させるエフェクト。そのラウンドの間、あなたが行なう攻撃の攻撃力を+[LV*3]する。ただし、あなたはHPを5点失う。
HR,サラマンダ－,氷の茨,通常,5,セットアップ,-,3,自動成功,自身,至近,-,周囲に氷でできた茨を張り巡らせるエフェクト。茨はあなた以外の人間の動きを妨害し、無理に通ろうとすれば深い傷を残すそのラウンドの間、あなたのいるエンゲージから移動して離れたキャラクターはHPを(LV)D点失う。ただし、あなたが選んだ任意のキャラクターはこの効果を受けない。
HR,サラマンダ－,鋼の氷,通常,3,オート,-,2,自動成功,自身,至近,-,鋼のように強靭な氷を作りだして攻撃を受け止めるエフェクト。あなたがガードを行なう際に宣言する。このガードの間、あなたのガード値を+10する。このエフェクトは1シーンにLV回まで使用できる。
HR,サラマンダ－,アマテラス,通常,3,メジャー,<白兵><射撃>,4,-,単体,-,リミット,前提条件：《炎の刃》。《炎の刃》と組み合わせて使用する。このエフェクトを組み合わせた攻撃の攻撃力を+[LV*4]する。ただし、このエフェクトを組み合わせた攻撃の判定のダイスを-2個する。
HR,サラマンダ－,ダイアモンドダスト,通常,1,オート,-,3,自動成功,自身,至近,リミット,前提条件：《氷雪の守護》。《氷雪の守護》と同時に使用する。同時に使用した《氷雪の守護》はダメージをさらに-3Dする。
RW,ソラリス,テンプテーション,通常,5,メジャー,<交渉>,2,-,-,-,-,誘惑物質を大量に生成して交渉を有利に進める工フェクト。この物質には幻覚効果も含まれており、エフェクトによる精神攻撃の効きをよくする働きがある。この工フェクトを組み合わせた〈交渉〉の判定の達成値を+[LV*2]する。
RW,ソラリス,迸る生命,通常,3,常時,-,-,自動成功,自身,至近,-,あなたが使用するソラリスのHPを回復するエフェクトは、さらに追加で[LV*5]点のHPを回復する。この効果はあなたがバッドステータスの暴走を受けている間のみ、適用される。このエフェクトは侵蝕率でレベルアップしない。このエフェクトを取得した場合、あなたの侵蝕率基本値を+4する。
RW,ソラリス,ドリーミングバタフライ,通常,3,セットアップ,-,1D10,自動成功,単体,視界,80%,物質生成による支援で他人の身体を継続的に強化する工フェクト。このエフェクトはあなた自身は対象にできない。そのシーンの間、対象の能力値ひとつを+LVする。この効果で副能力値の再計算は行なわない。また、このエフェクトの対象は単体から変更できない。1シーンに1回まで使用することができる。
RW,ソラリス,アウトレイジ,通常,1,オート,-,6,-,単体,視界,100%,興奮物質を投与して対象を激昂させるエフェクト。対象が攻撃の判定を行なう直前に使用する。その判定のクリティカル値を-1（下限値5）する。ただし、対象は即座にバッドステータスの暴走を受ける。対象はこの効果を拒否できる。このエフェクトは1シナリオに1回まで使用できる。
RW,ソラリス,覚醒の秘薬,通常,1,イニシアチブ,-,2D10,自動成功,単体,視界,120%,失われた活力を取り戻させる物質を生成し、再度行動させるエフェクト。このエフェクトは他のエフェクトと組み合わせて使用できない。行動済みの対象に使用することで、対象は未行動になる。このエフェクトはあなたを対象にすることはできない。このエフェクトは1シナリオに1回まで使用できる。
RW,ソラリス,誘蛾香,イージー,1,メジャー,-,-,自動成功,単体,視界,-,特定の動物や虫が好むにおいを散布して周辺に呼び集めるエフェクト。フェロモンを生成して手懐けることも可能。呼び集めた動物や虫はある程度意図したとおりに操ることができる。GMは必要と感じたなら〈交渉〉による判定を行なわせてもよい。
HR,ソラリス,活性の霧,通常,5,セットアップ,-,3,自動成功,単体,至近,-,興奮作用のある物質を霧状に散布して、自分や周囲の味方の攻撃性を高めるエフェクト。そのラウンドの間、対象が行なう攻撃の攻撃力に+[LV*3]する。ただし、対象が行なうドッジの判定のダイスを-2個する。対象はこの効果を拒否できる。
HR,ソラリス,増加の触媒,通常,3,メジャー,<RC>,3,-,-,-,-,他のエフェクトの効果を増幅する作用を持つ触媒を作成する工フェクト。その性質上、さまざまなシンドロームと相性がよい。このエフェクトを組み合わせた攻撃の攻撃力に+[LV*3]する。
HR,ソラリス,夢幻の腕,通常,5,メジャー,<交渉>,2,-,-,至近,-,体内から強い幻党作用を持つ物質を生成し散布するエフェクト。あなたに近づいたものはまるで優しく抱きしめられたように夢へと堕ちるだろう。このエフェクトを組み合わせた攻撃の攻撃力を+[LV*2]する。
HR,ソラリス,多重生成,通常,3,オート,-,3,自動成功,自身,至近,リミット,前提条件：《タブレット》。《タブレット》と同時に使用し、《タブレット》の効果を受けたエフェクトの対象を[LV+1]体に変更する。
HR,ソラリス,夢の雫,通常,5,オート,-,3,自動成功,単体,視界,リミット,前提条件：《戦乙女の導き》。対象が判定を行なった直後に使用する。その判定の達成値を+[LV*2]する。このエフェクトは1ラウンドに1回まで使用できる。
RW,ウロボロス,シャドースナッチ,通常,1,オート,-,3,自動成功,自身,至近,-,攻撃の際にレネゲイドと一緒に相手の影を奪い取るエフェクト。あなたがオーヴァードに1点でもHPダメージを与えた直後に使用する。そのシーンの間、あなたが《無形の影》を使用できる回数を「1ラウンドに2回まで」に変更する。
RW,ウロボロス,レネゲイドイーター,通常,3,オート,-,4,自動成功,自身,至近,-,攻撃のエフェクトを食い取ることでダメージを減少させるエフェクト。あなたがガードを行なう直前に使用する。その攻撃がオーヴァードによる攻撃だった場合、そのガードの間、あなたのガード値に+[LV+1]Dする。
RW,ウロボロス,拡散する影,通常,3,マイナー,-,3,自動成功,自身,至近,80%,事前にレネゲイドを発散して影を拡散させる工フェクト。そのメインプロセスで行なう攻撃の判定のダイスを-[【精神】以下の任意の数]個する。代わりにその判定の達成値を+[この方法で減らしたダイスの数*LV](最大20)する。
RW,ウロボロス,虚ろなる軍団,通常,3,メジャー,シンドローム,4,対決,範囲(選択),-,100%,無数の影を操って敵を襲撃させるエフェクト。このェフェクトは〈無形の影〉と組み合わせて使用する。組み合わせた攻撃の対象を範囲(選択)に変更する。またそのダメージに+2Dする。この工フェクトは1シナリオにLV回まで使用できる。
RW,ウロボロス,消散する魔法,通常,3,オート,-,20,自動成功,単体,視界,120%,対象のレネゲイドウィルスを消滅させてエフェクトの使用を失敗させるエフェクト。オーヴァードの対象がエフェクトを組み合わせた判定を行なった直後に使用する。その判定の達成値を-[LV*10]する。このエフェクトは1シナリオに1回まで使用できる。
RW,ウロボロス,闇夜の烏,イージー,1,メジャー,-,-,自動成功,自身,至近,-,自らの姿を影の中に溶けさせることで、影の中を自由に動き回る工フェクト。あなたの姿は完全に溶け消えて発見されることはなくなる。ただし、影の中から出たり光に照らされることで影が消滅すると効果はなくなる。戦闘中は使用できない。GMは〈知覚〉による判定を行なわせてもよい。
HR,ウロボロス,悪食の蛇,通常,1,オート,-,2,自動成功,自身,至近,-,レネゲイドの飢餓感を高めて、より多くの力を吸収させるエフェクト。あなたがオーヴァードに1点でもHPタメージを与えた際に使用する。あなたが取得しているウロボロスのエフェクトのうち、効果に「1シーンに●回まで使用できる」とあるエフェクトの使用回数を1回ぶん回復する。1シナリオに1回まで使用できる。
HR,ウロボロス,尾を食らう蛇,通常,1,セットアップ,-,4,自動成功,自身,至近,-,自らのレネゲイドを変異、捕食させて進化を誘発させるエフェクト。あなたは1D点のHPを失う。また、あなたが取得している「あなたがオーヴァードに1点でもHPダメージを与えた際に使用する」と書かれたエフェクトひとつを使用できる
HR,ウロボロス,黒触の影,通常,5,セットアップ,-,6,自動成功,範囲(選択),至近,-,霧状の影によって他者のレネゲイドを刺激し、凶暴化させるエフェクト。対象がこのラウンド中に行なう攻撃の攻撃力を+[LV*2]する。ただし、対象はバッドステータスの暴走を受ける。このエフェクトはあなたを対象にできない。また、効果に同意する対象にしか使用できない。
HR,ウロボロス,極限暴走,通常,1,常時,-,-,自動成功,自身,至近,リミット,前提条件：《背徳の理》。あなたが取得している「あなたがオーヴァードに1点でもHPダメージを与えた際に使用する」と書かれたエフェクトは「あなたがバッドステータスの暴走を受けた際」にも使用できるようになる。このエフェクトを取得した場合、侵蝕率基本値を＋3する。
HR,ウロボロス,猛り喰らうもの,通常,1,メジャー,<白兵><RC>,3,対決,単体,-,リミット,前提条件：《シャドースクラッチ》。このエフェクトを組み合わせた攻撃のダメージを＋2Dする。《無形の影》を組み合わせている場合、ダメージをさらに+1Dする。このエフェクトは1シーンに1回まで使用できる。
HR,一般,オーバーアクセル,通常,3,セットアップ,-,4,自動成功,自身,至近,-,レネゲイドに細胞を活性化させ人外の反応速度を得るエフェクト。同時に強い衝動が発生するため、使用者は理性を保つことはできない。そのラウンドの間、あなたの【行動値】に+[LV*2]する。ただし、あなたはバッドステータスの暴走を受ける。1シーンに1回まで使用できる。
HR,一般,バーサークセルフ,通常,3,イニシアチブ,-,3,自動成功,自身,至近,-,自発的にレネゲイドウィルスを刺激し暴走するエフェクト。他エフェクトと組み合わせ不可。あなたはバッドステータスの暴走を受ける。またそのラウンドの間、あなたが行なう命中判定のダイスを+2個する。このエフェクトは1シナリオにLV回まで使用できる。
HR,レネゲイドビーイング,アバターフォーム,通常,3,マイナー,-,2,自動成功,自身,至近,RB,あなたを象徴する別の姿、化身の姿に変化するエフェクト。このエフェクトの取得時に任意の技能をひとつ選択すること。そのシーンの間、あなたが行なう選択した技能の判定の達成値に+[LV*2]する。ただし、《オリジン：●●》の効果を受けている間は、この効果は適用されない。
HR,レネゲイドビーイング,エアウォーカー,通常,5,セットアップ,-,1,自動成功,自身,至近,RB,周囲の物質に干渉し自分自身を浮かび上がらせるエフェクト。そのラウンドの間、あなたは飛行状態となる。また、あなたが行なう戦闘移動の移動距離に+[LV*2]mする。このエフェクトは1シーンに1回まで使用できる。
HR,レネゲイドビーイング,クローズウーンズ,通常,3,メジャー,<RC>,1,自動成功,単体,至近,RB,レネゲイドを活性化させ再生力を向上させるエフェクト。対象のHPを[LV+1]D点回復する。ただし、対象の侵蝕率は2点上昇する。非オーヴァードのキャラクターには効果がない。このエフェクトは1シーンに1回まで使用できる。
HR,レネゲイドビーイング,ドミニオンレルム,通常,3,オート,-,3,自動成功,単体,視界,RB,空間や建物全体に自らのレネゲイドを浸透させ、自分の肉体のように操るエフェクト。対象が判定を行なう直前に使用する。その判定の達成値に+[LV*3]する。このエフェクトは1シナリオに1回まで使用できる。
HR,レネゲイドビーイング,ファーコンタクト,通常,1,オート,-,1,自動成功,自身,至近,RB,遠くのレネゲイドを操って自分の分身を生み出したり、幻影を投射してシーンに登場するエフェクト。シーンに登場する。あなたの代わりに、あなたの分身を登場させる。この分身はエキストラであり、戦闘に参加することはできず攻撃を受けた場合、代わりにシーンから退場する。